sim_id,trajectory_type,disturbed_inputs,simulation_time (s),time_sample (s),N,M,mpc_success,num_iterations,mpc_RMSe,mpc_execution_time (s),operation,failed_rotors,ang_speed_percentages (%),mpc_min_phi (rad),mpc_max_phi (rad),mpc_mean_phi (rad),mpc_std_phi (rad),mpc_min_theta (rad),mpc_max_theta (rad),mpc_mean_theta (rad),mpc_std_theta (rad),mpc_min_psi (rad),mpc_max_psi (rad),mpc_mean_psi (rad),mpc_std_psi (rad),mpc_max_omega0 (rad/s),mpc_max_omega1 (rad/s),mpc_max_omega2 (rad/s),mpc_max_omega3 (rad/s),mpc_max_omega4 (rad/s),mpc_max_omega5 (rad/s),mpc_max_omega6 (rad/s),mpc_max_omega7 (rad/s),nn_success,nn_execution_time (s),nn_RMSe,nn_min_phi,nn_max_phi (rad),nn_mean_phi,nn_std_phi,nn_min_theta,nn_max_theta (rad),nn_mean_theta,nn_std_theta,nn_min_psi,nn_max_psi (rad),nn_mean_psi,nn_std_psi,nn_max_omega0 (rad/s),nn_max_omega1 (rad/s),nn_max_omega2 (rad/s),nn_max_omega3 (rad/s),nn_max_omega4 (rad/s),nn_max_omega5 (rad/s),nn_max_omega6 (rad/s),nn_max_omega7 (rad/s),radius (m),period (s),inter_position_RMSe,RMSe_u0,RMSe_u1,RMSe_u2,RMSe_u3,RMSe_u4,RMSe_u5,RMSe_u6,RMSe_u7
1,circle_xy,False,10.0,0.02,60,10,True,499,5.226082873200458,17.571018399896275,normal,nan,100.0-100.0-100.0-100.0-100.0-100.0-100.0-100.0,-0.7001497178295549,0.7001448863291463,0.029324888650330116,0.28255586214629824,-0.07742924685354738,0.3237599325465561,0.021369599384770545,0.07592364992416128,-0.24966294135348777,0.0785893480320318,-0.013258213581116018,0.030441223449223433,283.71019417011274,283.04351828875724,282.2360015493321,281.1778608641358,280.2058888828095,277.91011248440236,279.2433238215971,281.5576182742336,True,1.0265952999252477,5.2233821039895725,-0.7500024780429582,0.6941231194419537,0.024355222062584784,0.2744155971769685,-0.21453446430759543,0.40414714050115413,0.026175291475634146,0.12194411148747798,-0.36864390664257957,0.06973408975654655,-0.05804689978932494,0.11367104466323279,287.54846360104796,286.26100181535304,293.511864648995,285.0954529390511,292.3262312199081,284.01670819602134,292.8687652278068,283.767954104095,5.0,0.5,0.24393519955244805,8.961636885545442,7.85976614762609,7.856543300719299,8.681313056003521,7.317382584096125,7.850015718310673,7.245226301360262,7.696601083332863
2,circle_xy,False,10.0,0.02,60,10,True,499,5.242898621711925,17.004813199855562,normal,nan,100.0-100.0-100.0-100.0-100.0-100.0-100.0-100.0,-0.701077830862555,0.6228457847245858,-0.040389048073721616,0.26307198246357527,-0.3505027512313607,0.7000209970886387,0.05261194582594018,0.21610658858584048,-0.06543398732297247,0.25708640064476646,0.10007396612244153,0.05079547042682496,281.7286183043538,281.38339657596464,285.6985614954701,287.49130130627765,289.072007171656,287.9809479017838,286.4806166419948,283.16690911503144,True,1.455094599914446,5.2319309473759645,-0.8208575826917445,0.5196731345495803,-0.030097751713595352,0.23957573278022126,-0.29573943811186953,0.7119415565047933,0.044616508755314886,0.17298056564146325,-0.2642054110418205,0.2833674878852687,0.07361470662916038,0.1418380401147768,265.22664852977834,268.3371997341891,279.0049833241288,271.3309622512102,276.5779938572834,271.69422632755885,281.4080075648067,269.1623231649995,5.0,0.8,0.3151835180041799,12.653900917990939,11.888915435709777,12.208529840478267,12.56096289427324,12.09689774374956,12.105388272045792,12.583864329278471,11.240378741817581
3,circle_xy,False,10.0,0.02,60,10,True,499,5.421217963447709,17.405748899931496,normal,nan,100.0-100.0-100.0-100.0-100.0-100.0-100.0-100.0,-0.7165047472422649,0.7090470146337494,-0.04748418913624418,0.4800245666346016,-0.8534162590146571,0.706553053305213,-0.039515209887313094,0.41346677652968367,-1.3473429186326713,0.6369791016756057,-0.5982858694323258,0.4977957446202204,317.88630653253017,291.81625222450606,342.770787989644,293.15995068511864,330.39814440175405,291.7209063717844,311.03256580774195,290.36223235595196,True,0.9725124000033247,5.305333078424554,-0.7921441510635877,0.6548371472777617,0.015141490889381281,0.4605753334517843,-0.7548905212917026,0.756202622659464,-0.008900122916839635,0.4610850077678858,-1.0235863773099965,0.2978782101363919,-0.52853330157229,0.30043345731045124,285.6042192217126,274.644210844671,282.8477323877792,268.3418436525562,278.09652974813724,273.431443482025,282.98747584574363,277.94513712848016,5.0,1.0,0.8083633566161791,26.403997300500777,19.554051516788864,20.081039425268,18.8153014522739,28.014935168821825,21.30208730959328,18.766322112015693,20.823556100954995
4,circle_xy,False,10.0,0.02,60,10,True,499,5.326214576428305,21.112750099928235,normal,nan,100.0-100.0-100.0-100.0-100.0-100.0-100.0-100.0,-0.7094709636205425,0.7259639149797932,0.004010669565427435,0.4983924841520294,-0.7267319350952376,0.9650647483699185,0.059502080245609046,0.481721648505093,-1.094428945464786,1.4839279826685718,0.33140953984484117,0.630765039611553,309.72400349158505,325.8086532038238,296.11378449924445,329.43101696664036,299.99919542898385,342.7707879896441,307.19300353113016,342.770787989644,True,0.9634855001204414,5.435243323839295,-0.7312227125003754,0.8360548161827451,0.006861028171790224,0.5028966260092053,-0.8226520672157155,0.8762962011378942,-0.001305396343809493,0.5427326337113123,-0.47730012956871554,1.3495497215471166,0.3487924773733606,0.4591714765063971,301.2514973291991,321.73039955822225,301.0708979741826,321.14287066632403,296.875021060466,316.92770191451234,300.583596633598,319.1514935041461,5.0,1.2,1.4772533714360563,32.376846759021454,28.33921537302292,40.86850512769154,30.331157464931792,31.06979614539259,27.882899770342842,24.410074912243264,44.47285431681113
5,circle_xy,False,10.0,0.02,60,10,True,499,6.222839692601209,24.413893699806067,normal,nan,100.0-100.0-100.0-100.0-100.0-100.0-100.0-100.0,-4.5627878169133655,0.7232312957522101,-0.5439990506183363,1.2712387299283072,-1.3582196431599245,1.488388160749732,-0.002767089792088436,0.5983860366142535,-27.21306952204471,0.973655270378373,-2.0767338987313715,4.928277221551899,342.770787989644,323.83589701606195,342.770787989644,316.4886921203706,342.7707879896441,309.9614366612531,342.770787989644,324.10323674505304,True,0.9373775000567548,5.292007727787841,-0.7684126348070587,0.8834819139253676,0.1752588429069076,0.535394192013599,-0.8707196710486268,0.9505987995632509,-0.07036072348155366,0.4887825480892067,-1.3260762125861822,0.7766094509210771,-0.3944561027079304,0.5094133517682543,292.9790324815685,306.1156491610784,305.20410045555354,290.3041968375289,303.36367144966994,295.81898033481576,294.55940372794225,298.2943365936618,5.0,1.5,3.685276965593321,57.53843636207953,71.24568786350363,46.79152544925664,75.22521041142775,48.72875560400668,75.22199906152106,47.271805437130745,76.19422777445118
6,circle_xy,False,10.0,0.02,60,10,True,499,5.15583825519913,18.096418500106665,normal,nan,100.0-100.0-100.0-100.0-100.0-100.0-100.0-100.0,-0.7221777810431856,0.7231159794376382,0.03113635212499591,0.5603623675695659,-0.7114966601090996,0.7185016059794528,0.047874628274882466,0.5614200038749264,-0.19223726770887328,1.2254569384242833,0.6944259287268487,0.29704958573501883,341.00996748273286,337.00135984481335,317.976600725204,325.7820185079721,331.20290287639364,325.5079413824461,317.3104334595157,338.1434882745836,True,0.9575096999906236,6.068208741875533,-0.8476541020044054,0.8065252331357595,0.06560907092467569,0.525858375477678,-0.9373229975076387,0.8565602073861228,0.0404746737581068,0.5502043025096452,-1.2482265420210974,1.3185233671966854,0.3174941561314568,0.6141660462589986,307.3952209060469,315.65682430783374,320.84529749701466,322.41425442242644,317.70829913935853,324.88735178313425,325.75916766512563,329.1720684090673,5.0,1.8,3.205094738578333,30.18137925794638,32.52192731943304,28.09273395416146,33.43995459387173,32.49397638825209,32.4748015238514,31.275893154102857,30.39738936528376
7,circle_xy,False,10.0,0.02,60,10,True,499,4.9603123503221305,17.897288900028798,normal,nan,100.0-100.0-100.0-100.0-100.0-100.0-100.0-100.0,-0.7220057093861412,0.7217355505391368,-0.023416109088584405,0.5928270786773131,-0.7118084661393006,0.7125450353002646,-0.008431188054319258,0.5651188376408719,-1.160338938278751,0.07708703404224221,-0.6611832096107196,0.27183440016711063,340.68313993886414,335.13649098937316,320.2098313100284,323.2088853392279,329.8144118692677,326.56977638757564,316.6347988139742,337.7213334056253,True,0.906890900048893,5.661568250348541,-0.7815642835724217,0.926192936931435,0.13626436731763797,0.5398198173534297,-0.9670634983925617,0.7601427306445387,-0.029296340167674295,0.5250995731893636,-1.4279393143169903,1.2965250559103232,-0.11879602443128079,0.6872566035716534,315.027802155332,323.1574746148884,328.2978822152218,304.5347183712019,315.22353325790743,317.89939845711086,321.04220217111356,316.5862679964739,5.0,2.0,2.7804607513507973,40.18840631250001,30.44144333877047,32.59648732692992,30.081515353684132,45.14991725259508,33.03137337509851,34.53825485692054,34.801708663189814
8,circle_xy,False,10.0,0.02,60,10,True,499,4.78879213915982,20.376622000083444,normal,nan,100.0-100.0-100.0-100.0-100.0-100.0-100.0-100.0,-0.7239896838033759,0.724067086008667,0.07500667398760104,0.5932621098736728,-0.7094939874248654,0.7115783423787415,-0.0015092838925274954,0.5713846943317548,-1.2074450687557456,0.21211605999836983,-0.5992781551456077,0.2970546129937975,333.03323238008636,333.3220131065538,317.38776827900955,311.2925129547645,329.49140232296077,319.45191872793924,312.8928341455447,331.98906898798504,True,0.921354100042663,5.679700013211543,-0.8516964240273167,0.9580959155952632,0.05955033412747267,0.5634939065218746,-0.9660114736751535,0.7540858679786905,-0.021485909208761336,0.522421733428248,-1.606785953708872,0.9203299542062288,-0.2384595817129801,0.5823287976943121,314.2413961906189,315.09477874930576,334.7322255312585,307.82160140308144,320.90762483079425,320.5652817242481,325.0422929456332,326.455766585966,5.0,2.2,2.5640100308629705,40.816879478403266,26.786962995910297,31.293613878065166,25.681581398269213,46.481780716597775,27.223314259378476,33.08754066279839,28.16937695365877
9,circle_xy,False,10.0,0.02,60,10,True,499,4.7794447750773665,19.933756299877132,normal,nan,100.0-100.0-100.0-100.0-100.0-100.0-100.0-100.0,-0.7273438025596176,0.7266318891565109,0.016605714328458313,0.5953296144890798,-0.7095575750766635,0.7127460597856314,0.0074489087860630234,0.5842814962389498,-0.35456877251206026,1.2104354246652935,0.5322892216072014,0.32868874569155326,320.7256496414836,309.30036878146785,314.24673122871695,318.5309304872016,328.049647942922,324.56607588749097,308.36871894483033,314.40114260506084,True,1.0169681000770652,5.3999503724191715,-1.2206286028217481,0.8562877273656682,-0.14357997359127872,0.5374059932751832,-0.872700929362875,0.7872333034193216,-0.09625985345736353,0.5972844609116401,-0.6247851438908064,1.2179298838912227,0.36238104410758976,0.42793274467535986,303.49636036000675,324.78806497747905,304.3501172369613,321.5504929219168,306.193035774786,328.5533667700411,315.2048549080706,332.3854773283818,5.0,2.5,3.1110768592075515,38.24372330959065,44.78996140359114,40.121512904166565,44.97371350883298,41.15996839818673,44.0673389726116,43.07263166480161,43.26533732477187
10,circle_xy,False,10.0,0.02,60,10,True,499,4.580105187787074,19.706361700002162,normal,nan,100.0-100.0-100.0-100.0-100.0-100.0-100.0-100.0,-0.727914174020844,0.7307543414811891,-0.053655513674381955,0.5812525388590638,-0.7086547871680221,0.7074026517558479,0.04771725550023592,0.6019586443327497,-1.1248447487816833,0.4296784992776319,-0.4743703870793624,0.34001118651545664,318.5551160347148,319.93107359708455,328.956626611672,324.8850787199184,324.97533642594965,317.1342222233809,316.85527476044666,310.50142964858867,True,1.0039327000195044,6.97325918636384,-0.9434304598704215,0.8870967108790736,0.010793773634167019,0.569776538355611,-0.8097127545610833,0.7879317346325644,0.19715055795253886,0.5018613833701914,-1.3402067084776281,1.5370095177653202,-0.14817052750578893,0.7042061087821088,328.2479003719802,321.64000290262845,341.50105264751164,323.53458696556567,339.62108844611896,327.4269351026905,342.7707879896441,326.1516295953369,5.0,2.8,5.301703530927295,50.37665126711016,50.15047289634996,53.89650776694048,48.51717267004434,54.7627011646376,49.15568515086119,54.315594853172925,50.961875410525295
11,circle_xy,False,10.0,0.02,60,10,True,499,4.671636155085528,18.782080000099086,normal,nan,100.0-100.0-100.0-100.0-100.0-100.0-100.0-100.0,-0.7241601591783019,0.7240072774911573,-0.06059004080685689,0.5939793408779732,-0.7116167902560336,0.7113944538356096,-0.026239837220042653,0.6003412907182653,-1.091307703878341,0.38809616437081274,-0.4358299143010567,0.34690611251517633,330.9525662661639,329.9369736398303,342.77078795556156,333.7507923381373,325.0256609190578,329.4262395094462,342.7707879619375,324.54393461941527,True,0.9876080999456462,5.9576226716292355,-0.911301549460166,0.9766537987751794,-0.03554783658572679,0.5761569496644807,-0.7825296677044251,0.7260739616556294,-0.002661727855274421,0.5335608847204923,-1.2031530660468572,0.9441076162903236,-0.22813272224546255,0.5347753215647206,317.3749277225066,313.9752347762379,323.3968779708978,320.20731710493783,317.26268805981215,318.94793599672096,316.2844927553772,315.3495539592114,5.0,3.0,3.754648824406589,44.37226630723881,37.33891076756589,39.68165577183376,43.43480856698117,41.95729993035177,37.26110084953648,44.74357642666645,36.9804038656063
12,circle_xy,False,10.0,0.02,60,10,True,499,4.991941401406989,19.732227500062436,normal,nan,100.0-100.0-100.0-100.0-100.0-100.0-100.0-100.0,-0.7250520556897615,0.7267284119274492,0.10644214892545269,0.5807971331777013,-0.7134408528598029,0.7091249182039692,0.06605577503819776,0.6081957997102204,-1.1505577817851262,0.5595345406606984,-0.3133992080127457,0.4299829073452075,334.8804541434608,338.89038617310865,327.9950417583059,339.58765754861184,331.6231158282906,334.5610387880545,337.6915404287208,332.4613152881779,True,1.0311444999388186,6.435168698341269,-0.8887277806845922,0.8241639735174272,0.026928086073696463,0.5694609055249125,-0.7897739354891192,0.7021049201171266,0.10771490890417214,0.5285732065595566,-1.1981047798286317,1.193183181495085,-0.1753484316172581,0.566579681133955,319.65146415447884,317.91627098221704,334.0518247629888,314.34508321947584,327.75288132743833,316.38226038303304,330.7675184332367,315.9614123618575,5.0,3.2,4.593253938555853,49.2524341107704,41.76058722392868,47.22797654423075,44.2283361058534,48.78533321424926,41.022025857251364,48.53672482823048,41.76480305207412
13,circle_xy,False,10.0,0.02,60,10,True,499,5.216464253198689,19.8070524000359,normal,nan,100.0-100.0-100.0-100.0-100.0-100.0-100.0-100.0,-0.7201043028750376,0.7273807778299582,-0.07230647563823632,0.5836726961930442,-0.7121804308468912,0.7096834025173889,0.224968979905733,0.5712492607591987,-0.6912297691156412,1.017437678492621,0.19453105392475864,0.4182063319523378,337.047871904224,342.26240651956624,340.61543992876267,342.52721239987466,339.57754770041,339.79419901398563,341.00622778368006,341.0539249074908,True,1.034129500068957,4.776562952413162,-0.7789372049768802,0.8597296383041629,0.05810173045634865,0.5769231454899636,-0.8072682427619364,0.7856407583221813,-0.02599714166024119,0.5840883077233925,-0.8342425002111756,1.1293865733146407,0.26692925202722606,0.4974391224492308,323.7401433524021,330.9020800861563,332.98775335436517,323.767609288787,328.87485103606593,329.138119543187,326.57362257490547,326.4554710886063,5.0,3.5,3.814244275657455,48.29849704303202,57.45111740770125,49.781495970119764,56.881949958385185,45.54064994259046,56.21068537930015,48.74620292621629,57.35933775333851
14,circle_xy,False,10.0,0.02,60,10,True,499,4.26591409752763,19.861077899964585,normal,nan,100.0-100.0-100.0-100.0-100.0-100.0-100.0-100.0,-0.7245629138113499,0.7251057018893319,-0.11767155255600685,0.5751185000878358,-0.7108185652100575,0.7095495832969283,0.10199181691395733,0.525225705778723,-0.9911270344436651,0.6483895229762778,-0.22081319193641016,0.42933294141387324,342.77078796721264,339.26460088295323,342.77078796141075,341.2985033571956,342.5333685050989,337.1267739262156,342.7707879399418,338.549923774793,True,0.9514086000563111,4.769571743407771,-0.8393473545294301,0.8334142299143273,-0.22837370426562398,0.5560797624190619,-0.7523769266230663,0.657468600298516,-0.10688516670731034,0.5328995842160131,-1.2409562723833008,0.3321508992192947,-0.2701375432006738,0.38726440835636133,328.59974112021575,331.9829420819697,334.39147169300736,334.53871176717803,329.68831061241036,333.96037273637876,335.2331302888192,328.0960572252883,5.0,3.8,2.6813377573031194,46.88720893061199,48.73417068115666,50.15829544830695,46.717737162657755,51.358855628237045,46.35520656316493,48.82084105927048,45.47077274501723
15,circle_xy,False,10.0,0.02,60,10,True,499,4.090582676773144,18.883874899998773,normal,nan,100.0-100.0-100.0-100.0-100.0-100.0-100.0-100.0,-0.7102599570045586,0.7227127412118682,0.14540593221428447,0.565135283747483,-0.7104732578497542,0.710048315033782,-0.11615515845341298,0.5275536873251386,-1.0002061306927983,0.4419812541496503,-0.1989323162769835,0.3709816952974804,342.7707878895947,341.24081974534226,342.7707877914679,340.3290692816512,342.0605549900544,341.5413013629823,342.6885495345058,342.0560830758963,True,0.9487212000167347,6.287993963213131,-0.7730116549955924,0.8193507345874408,0.22168948442905834,0.5193563824082509,-0.7596356871138696,0.8220703911009436,0.013277959294421385,0.5068036685025591,-1.2140231671341986,1.2677467763413774,0.008872174603803004,0.6771052107108728,325.01790470108625,331.29403922445425,331.66440264614386,326.2532473297083,329.3917696239805,333.14734819791624,333.35029210422056,331.66294097974935,5.0,4.0,4.101071500237978,48.02354461855094,43.61788425867051,49.08427895190132,45.41939876222015,45.66395516053943,43.01348499038876,45.20906176204963,44.47767600447791
16,circle_xy,False,10.0,0.02,60,10,True,499,4.691019216788494,18.42658640001173,normal,nan,100.0-100.0-100.0-100.0-100.0-100.0-100.0-100.0,-0.7294408982598419,0.7195468029841854,0.07799146587621769,0.5910078091408085,-0.710130282767511,0.7104317775476879,0.18751470211176924,0.4896873940133544,-1.007252099146937,0.8893381533108076,-0.18107485306774132,0.4766387464040326,342.770787939065,342.77078793461266,342.77078798027964,342.77078798359724,342.7707879849508,342.77078208191944,342.7707879211351,342.0134313535573,True,0.9383582000009483,5.012469636187952,-0.7735290849861925,0.8003015352020799,0.16607184252426577,0.5872029660090323,-0.7546907036862005,0.7217912289690404,0.10823129574638389,0.48001469037232253,-0.9458258532915641,0.8719507207068686,-0.14280944331404455,0.4727539170728377,326.4301057227685,337.201096832584,333.2815181013811,329.10916220281604,328.84656055920993,334.73005924496425,331.87426439796883,336.18891957480446,5.0,4.2,2.9523305636930304,56.543241705722295,57.705997255237264,56.4550379861391,56.70994198856269,56.64460648707551,56.92015967017917,58.410198622834876,57.18535925757985
17,circle_xy,False,10.0,0.02,60,10,True,499,3.831213553005171,18.911700599914184,normal,nan,100.0-100.0-100.0-100.0-100.0-100.0-100.0-100.0,-0.7150086399948007,0.7197590966051175,0.015666749737698295,0.5487138212621133,-0.7014732326883079,0.7079567190975706,-0.16056698665105887,0.4940704967723167,-0.74181630100563,0.9811461400305117,0.2032755548446992,0.38652461907786245,341.0102930032586,342.77078734492005,339.24241175035064,342.7707875477262,338.75781948450776,342.77078768817637,340.8325897799771,342.77078733745367,True,0.9054658000313793,3.8139123660283945,-0.7595684093789221,0.754561046737473,0.0021826727898812664,0.5622088187271763,-0.7957819701193021,0.7270787787653012,-0.17444643066249688,0.5254718697126087,-1.0426144622666378,1.0618236435609647,0.07720114237869549,0.490207533337183,326.9821510974881,330.83773775012907,331.64951536244723,329.17202118045856,328.6991145240112,332.9996301976969,334.424652035122,332.4799373417209,5.0,4.5,2.084994467224136,41.18414094270881,51.70593393844286,47.36486165824178,50.54874958079906,42.05765710967922,51.200723707056,40.06922496490552,51.50174524114633
18,circle_xy,False,10.0,0.02,60,10,True,499,3.691753337041291,18.283947399999306,normal,nan,100.0-100.0-100.0-100.0-100.0-100.0-100.0-100.0,-0.727817571880336,0.7196531061333891,-0.11798613534500849,0.5303205100895072,-0.7007171795361171,0.7021047822815701,0.0714787766031248,0.5130884653996174,-1.0149699219339152,0.753340129960771,-0.09402002206459657,0.46471641145291825,339.2581061979828,341.2394290406183,338.9030549699629,340.05961602130645,339.63041803683416,341.98143394521986,341.53170197043977,342.065160037909,True,0.9667335000049206,4.164301592531919,-0.7374281073969922,0.7693032547315313,0.12102258320625449,0.527301853959093,-0.7152494216522506,0.7195546155467495,0.17142579728174037,0.4892070725845049,-0.9336552799932158,0.7033309758742791,-0.039723865612899756,0.3806492547568345,332.8269389831093,333.93641822413235,334.99063283089697,326.2813691005754,332.79899249994776,332.82374612959904,335.62755237908357,335.40120133867396,5.0,4.8,2.6114781733204824,39.06051759143055,42.78812428668235,39.36793991225381,43.035994511787266,39.28753138085463,41.48127825838154,39.465837319168635,42.53261971027343
19,circle_xy,False,10.0,0.02,60,10,True,499,3.3302695107732805,18.574607799957448,normal,nan,100.0-100.0-100.0-100.0-100.0-100.0-100.0-100.0,-0.7396665873342861,0.7169208765963945,-0.09482965256809078,0.4976362027186064,-0.7032574987452938,0.7014965107171113,-0.02095881131676252,0.5005997219273745,-0.8423080671855847,0.93951572752155,0.16827578531685017,0.3849428992176769,326.0833960714787,330.9842699751987,336.22611272328214,335.14755452447173,327.3096854771843,326.8518049679028,341.5713377859426,336.70838853868133,True,0.9321559999370947,3.707233591987424,-0.859300431815855,0.7491252957535262,-0.13947571843933235,0.5243892194644887,-0.7897884838404018,0.719479435839943,-0.001162648384983811,0.5509993526476232,-1.219652358755172,1.0408297671904458,0.0803313917691911,0.5305416565255148,331.7096116721951,330.1833725061924,337.6679208975553,324.98214440909373,340.7916045156194,329.2499715345125,338.39182815211484,330.5063993181058,5.0,5.0,1.2460829081612936,26.417117794541447,27.525205907187075,27.45030102670731,25.405969790845816,26.387402201211877,30.520097349587576,25.176609098358576,28.169643347510203
20,circle_xy,False,10.0,0.02,60,10,True,499,3.131083248924454,18.132540100094047,normal,nan,100.0-100.0-100.0-100.0-100.0-100.0-100.0-100.0,-0.7250780993830237,0.7140477438153235,-0.067659005832458,0.5278307419638149,-0.7098218996054646,0.7063363740455691,0.07476788176172112,0.4923060015647074,-0.8411895653307908,0.9491587981822811,0.20263849653762248,0.38803741394157626,338.0339952369416,334.05923690819094,341.3235478894843,332.7238562494079,337.0631070057742,334.0971378882493,342.4280143687766,335.26328186901,True,0.9281343999391538,3.799736631103955,-0.8763828622712979,0.7762141940195487,-0.0988788734540262,0.5603946038599577,-0.795641378000975,0.7043165082311441,0.014380975705310974,0.5340214619787931,-0.8274336314487684,1.0310058465801633,0.1563284351391415,0.4869683466745637,334.46566724297986,332.8633379518001,340.7241784929292,326.964503069642,341.25402255753926,331.7012741801858,341.7562852023974,332.5295481175547,5.0,5.2,1.9941718035042888,40.095571368665894,45.702191076675525,41.94970256637884,43.76568828833967,39.99961128925297,42.87671316586791,40.72565594028675,43.72239965323774
21,circle_xy,False,10.0,0.02,60,10,True,499,3.8686234967910957,18.555947500062757,normal,nan,100.0-100.0-100.0-100.0-100.0-100.0-100.0-100.0,-0.7259507481046354,0.7197227131811915,0.0007042226849637955,0.5826358939955698,-0.707595065717587,0.7094480341360853,0.06357338642673027,0.4817676587126192,-0.9045024729244701,0.8007986928477254,-0.14591577215005994,0.47305157802938985,342.50599344458914,338.085254679767,342.00566776035225,339.8554427977987,340.4521732180533,342.1404807354807,342.7707878121847,339.9451153456994,True,0.9544410000307835,5.185728241961335,-0.7603627982433339,0.7425253897838736,-0.03498274478467999,0.5745060725834931,-0.7218441014057038,0.8596604868071601,0.0010787784979541045,0.47135682399768997,-1.1610720435030204,1.128218042551007,-0.11065740017066512,0.5662209870777232,324.1098520886951,332.27647037844923,334.4228431604612,323.6343280023838,316.8936554990862,331.12639914367253,328.78824992182,334.4261441425749,5.0,5.5,2.651101142292755,44.37240325984553,43.75598274305701,45.487634389000675,44.23544057258437,45.939938623742876,45.15884605964819,45.88529444730305,44.6167067740057
22,circle_xy,False,10.0,0.02,60,10,True,499,3.7757451733728042,18.720137700016494,normal,nan,100.0-100.0-100.0-100.0-100.0-100.0-100.0-100.0,-0.7254739166570738,0.7244613776357609,-0.037690890592476864,0.5785695813177287,-0.7017352993729841,0.7111240664155749,0.033960572617871734,0.45374076368754085,-0.8686898538873167,0.888056001190171,-0.03137757638036772,0.523249103468868,322.80805085834066,341.88537128999815,335.36234891099303,342.6631538185556,329.02065471051833,339.8947620125086,339.3705740958077,338.7500468713675,True,0.9034240999972099,5.248101078618506,-0.7720992985795672,0.6939260594404355,-0.06731790008501955,0.5884321117097626,-0.716537177357008,0.7993818835136254,0.03128173986569811,0.45311099068051847,-1.1143172566923005,1.0279116519411042,-0.07663458944688284,0.546785279291872,326.0179218170522,334.6051392558722,334.67920944928795,328.95787558146736,324.12539314536394,331.6695449468381,329.53460104474306,334.7378680618824,5.0,5.8,2.715203614602553,52.74251199929664,54.541917008670815,52.94887226379332,54.993316987800185,52.595079878454335,54.28824421698183,54.70598373385258,54.017829275588994
23,circle_xy,False,10.0,0.02,60,10,True,499,3.7728057868476723,20.334446199980448,normal,nan,100.0-100.0-100.0-100.0-100.0-100.0-100.0-100.0,-0.724515658965484,0.7159570011633418,-0.07008498272944204,0.5679634929608615,-0.7088967256650681,0.707352144358233,0.06236085061863458,0.45385239314137543,-0.9084300734186925,0.783534957310443,-0.049730366141748035,0.48624611436273113,322.26068984424194,326.6988408557008,314.80412099377696,329.2556468090228,319.14514899164686,325.94547039136165,322.52850166530163,323.56322783686943,True,0.9066711000123178,5.9450773631359475,-0.8582125485696251,0.6988191575268996,-0.12756438644496274,0.5629624462991296,-0.7116737243911863,0.7399216486106606,0.030707095588189296,0.45921670005369203,-1.06994825003971,0.9006245481557456,-0.10814272714980433,0.5216846572192907,327.13559457171874,334.70439985744366,332.4684684107034,327.31490955508787,319.83643209614087,330.91461500409343,328.4179433872759,333.99729520704994,5.0,6.0,3.3782466709657824,50.61531595017664,54.55565147498082,56.20961248260502,56.007129736658335,51.193436384307034,54.64545533012728,56.66708080359606,55.58453473652927
24,circle_xy,False,10.0,0.02,60,10,True,499,2.9022083071933653,22.457371100033924,normal,nan,100.0-100.0-100.0-100.0-100.0-100.0-100.0-100.0,-0.705835044652034,0.7089565088469155,0.0662371356188285,0.5441713415247594,-0.7117201428855437,0.7055982315141911,-0.006320194767442913,0.42027738911178586,-0.7906730391928195,0.7969170880028977,-0.02151779452635246,0.4691478089133656,318.2395480507109,326.82768625361,317.5670344500561,325.4238074917487,315.3636329011403,327.0678454253489,319.6210764603743,329.1209751943466,True,1.0696988998897723,2.4958971310228972,-0.7217484345325514,0.6927891995694341,0.03854997899338146,0.5097956361947431,-0.7154524078575001,0.7001267343408085,-0.00705288816100689,0.37965892575516896,-0.6771751213213001,0.49782448538196,-0.06355659543256446,0.3432523722511649,317.049764061309,323.49447199503794,317.96168203117105,319.07773327812856,313.9357092100932,321.43618981806594,319.00290239403057,322.8518439445474,5.0,6.2,0.8242814743088702,18.06144182009598,16.640462344858257,18.022288687293667,16.183460164663725,18.72666864758051,15.556444294870797,17.799981207034328,16.443136348560394
25,circle_xy,False,10.0,0.02,60,10,True,499,2.3533128025539733,19.561715300063952,normal,nan,100.0-100.0-100.0-100.0-100.0-100.0-100.0-100.0,-0.7058927116217802,0.7019377113051447,0.04412926372622195,0.5000011309433176,-0.7014956321374425,0.7034828703756764,0.008390650240107484,0.3929615655209861,-0.7032062741091119,0.5444053130399321,-0.08949502832721266,0.3596951174504285,310.78293717848385,304.23485542155333,310.5451082855003,303.6006267074146,309.89735552242973,303.2405972693219,310.1300853927175,303.8902609633969,True,1.2179292999426252,2.025517716573945,-0.690597262387426,0.6777461933985954,0.0502934988423671,0.44549022614973616,-0.7372394668785798,0.6964783684224463,-0.03224568815697057,0.36169187921665946,-0.5527942708812299,0.3804259185482343,-0.08472307345146744,0.262635960286096,302.4348406374172,304.2469673994227,306.54205911925857,298.6612490695345,301.13449310131784,300.3079740613495,303.84342591919113,300.84957848737463,5.0,6.5,0.6440713588467553,18.905768730515145,16.936718913889898,17.61525889487356,17.150013957835966,18.53018616922138,16.723762723578776,18.09534311253186,17.123545480498706
26,circle_xy,False,10.0,0.02,60,10,True,499,1.983318872834788,18.861490500079526,normal,nan,100.0-100.0-100.0-100.0-100.0-100.0-100.0-100.0,-0.7008396707012525,0.7004569044927959,0.04128179149931982,0.43595606435759915,-0.7013380912804335,0.7002740217560972,-0.0047190801659661614,0.3794548253562789,-0.27748810046262307,0.6199227840421626,0.1404828820137703,0.26129842313861235,300.96596158771325,306.97706468811515,300.5856278252316,306.6375733249294,300.5028433461139,306.8391600823583,300.8832803179075,307.1784271441288,True,1.0101212000954547,1.6799725035931845,-0.640086679367235,0.6594483357029434,0.05775792615903087,0.4005446247084069,-0.6731302700057138,0.5478270603103719,0.004572174985349129,0.3281218971238942,-0.23863371682418694,0.5059333721821435,0.1539995400253111,0.2145148686270671,289.21490987217436,291.49397071028335,288.87018730583316,291.57563483518953,286.38823794768996,293.4744778335177,291.0947232182395,291.02169830573285,5.0,6.8,0.921195315554928,22.098768691393754,24.040571746551528,22.713628354669037,24.09149534209905,21.680026306265773,24.225880398804915,22.176759828229567,24.080294088727854
27,circle_xy,False,10.0,0.02,60,10,True,499,1.665538540253117,18.83977490002144,normal,nan,100.0-100.0-100.0-100.0-100.0-100.0-100.0-100.0,-0.6916566413609154,0.6828473575655792,0.04407699798596937,0.37798569853573066,-0.6319081784003375,0.7012148103016214,0.002611325797681005,0.35949031378563134,-0.5601568863153547,0.1451951796027159,-0.13870298861640348,0.19902571343580974,303.70945019789775,298.1306965278882,303.78636036588205,297.9372014606722,303.61771096557834,297.7502104173194,303.52212971969254,297.943839918429,True,1.1098021000943845,1.5220596280548861,-0.6011329500841501,0.6487738827088457,0.03675846482166085,0.34899847115826804,-0.7199925049258415,0.6917771119620147,-0.018441386258871078,0.34080810467321365,-0.3909243464367627,0.21665332430064754,-0.08162763943230888,0.15280289596309038,290.57384440792157,289.6433015160615,296.3276508865692,288.58821830221933,292.23478073008334,289.50448679127027,293.371979885026,286.7876189280616,5.0,7.0,0.4686567145669921,13.261307393750355,12.767444658660184,13.76091066365473,12.399534399695806,13.349875786371365,12.128788205743605,14.050102945381811,12.319895375430827
28,circle_xy,False,10.0,0.02,60,10,True,499,1.4333390127778018,15.975790600023174,normal,nan,100.0-100.0-100.0-100.0-100.0-100.0-100.0-100.0,-0.6448535741716196,0.6430252786205504,0.044025185729679124,0.33301147272806464,-0.5697979131775427,0.7008701132005922,0.005222730051385728,0.34009308307498315,-0.5107432250045537,0.1374426797995317,-0.11552146377518005,0.1591671750670563,300.24825677515673,295.1221189542581,300.3256751029756,294.8288740656766,300.11896747437714,294.6060385504153,300.0006108951511,294.8986081918326,True,0.921041500143474,1.3732300826277628,-0.5575297423607875,0.6268157741819491,0.03784896736717299,0.3170048659079284,-0.7101777769479077,0.691654009448582,-0.008826575085502377,0.33278064547305647,-0.3261451628516713,0.2042001285106488,-0.06180680931151999,0.13200600542547572,289.078801901893,288.3016085432319,295.13431049517754,287.5953970666765,290.70568137186154,288.25152533551835,292.03021917481396,285.74993053017795,5.0,7.2,0.3900366405118249,11.658695096771138,11.827711558102475,12.302996276359291,11.251122362367365,11.84946223609029,11.20278899165031,12.674085385720169,11.270588323306303
29,circle_xy,False,10.0,0.02,60,10,True,499,1.272076561901835,16.192079099972034,normal,nan,100.0-100.0-100.0-100.0-100.0-100.0-100.0-100.0,-0.5853700755574086,0.6053870851175918,0.04512275542658159,0.3022613194445853,-0.5232637212220513,0.700650150217045,0.01138927223183427,0.3241383511941149,-0.4674751365330406,0.1326777960296436,-0.09705890671298609,0.13396074826216858,297.04291506980684,292.33191474140824,297.10064967458226,291.9129789358912,296.752402640206,291.63042610605476,296.66781225756233,292.0526407391035,True,0.9566445000164094,1.2422371204390048,-0.5080772076727945,0.5938298071790726,0.03852904195893661,0.28911264203903764,-0.7032650648612749,0.6909713101214923,-0.0007683466015671847,0.32659617359704296,-0.28691330398715914,0.19251082908254816,-0.045826644997713634,0.11625577398432953,286.79947308845067,286.16414319380436,292.95606504423733,285.5546491067416,288.34537582518885,286.0731075866484,289.9069823243953,283.64586838835686,5.0,7.5,0.326161780044644,9.750284953434576,9.807444302960485,10.336820277640706,9.353584579312965,9.792105189175027,9.480961401829875,10.624803775979352,9.496900210621304
30,circle_xy,False,10.0,0.02,60,10,True,499,1.156253796233768,18.311772299923177,normal,nan,100.0-100.0-100.0-100.0-100.0-100.0-100.0-100.0,-0.5177361198458771,0.5732941848785184,0.045229559230915116,0.27972132876864564,-0.700723657224001,0.4904346446867915,-0.019336206367525165,0.3098505994573366,-0.12845052693844802,0.42981780008864784,0.08295937684006338,0.11758747513499011,289.70401331479735,293.9575353176609,289.1261586436507,293.64115489838997,289.0354038159156,294.02570110962995,289.5680226405723,294.304690102188,True,1.2046798999799648,1.204988058392144,-0.5067245438669755,0.5177836200778032,0.053519591714224525,0.29615312934201365,-0.6786747598996443,0.45328837176606146,-0.026090503362527415,0.2775728304282116,-0.1906135082995433,0.36204047625797336,0.10544735988648768,0.12531329649037745,275.96006727134824,280.2901569424699,278.1830154011513,282.1299091159284,277.7343602435245,284.16381323020187,280.6287901204912,281.1153737231314,5.0,7.8,0.5803793741522049,16.232582922496,17.705413245050035,16.609325444580424,17.21758219169169,16.024603909039175,17.611618833793248,16.40438128229591,17.670205988043488
31,circle_xy,False,10.0,0.02,60,10,True,499,1.063205420511326,14.85507269998925,normal,nan,100.0-100.0-100.0-100.0-100.0-100.0-100.0-100.0,-0.5425479756478492,0.4570471177705627,-0.0431969797665459,0.26157202984708233,-0.4630598813671747,0.7004734050180719,0.02703747861984525,0.29662237668616476,-0.12425771269689607,0.3960977010604873,0.0712236408480337,0.10586230866818669,286.50556452316323,291.23234517479204,287.1364013177367,291.6126902456428,287.262439076351,291.202189238464,286.59979771350146,290.7868876346226,True,0.9306567000967334,1.0947346247282896,-0.5262732009532454,0.4201714996999766,-0.0512624747469144,0.2545729090119561,-0.5555000552376826,0.6841515165125845,0.033346696818879674,0.2912416255736846,-0.14426115093786263,0.4541673802565052,0.1197760830777823,0.12095869453203065,281.3132754810709,289.18531292312923,286.4048834001633,286.41622218220095,281.19058628450796,287.46854851919227,283.99758313075495,286.36292141811606,5.0,8.0,0.3160167513522679,6.8210947197463785,6.62634531450093,6.514316552848188,6.783657377218135,6.610977153347062,7.009575171824115,6.884066862317914,6.85930447396223
32,circle_xy,False,10.0,0.02,60,10,True,499,0.9872245535258297,15.06858500000817,normal,nan,100.0-100.0-100.0-100.0-100.0-100.0-100.0-100.0,-0.5153970807852446,0.4040223506332622,-0.03969691978305747,0.24592942282744398,-0.7004960314828134,0.44150954498821215,-0.03325042800631748,0.2861449014766566,-0.36601172523271397,0.12081995837862507,-0.062028383487906805,0.09686195131557428,288.3560371730562,284.08236227993234,288.3260390607607,284.6364582907832,288.98846541333893,285.0630225720124,288.99171187634875,284.50976234711516,True,0.957376500024111,1.0829462981412814,-0.5922126102927462,0.36554174037079107,-0.04803093942351993,0.24046931075273267,-0.6775080838016535,0.449962001689483,-0.03770238025404094,0.28361796206558315,-0.39336002801880365,0.11229617954428936,-0.04686429048543289,0.12172378189000535,286.3391584899284,285.4933736047253,291.17801288994536,283.73780335940273,287.1472360046136,285.41033348865005,293.5699766705683,285.7491272938863,5.0,8.2,0.30321147468521614,7.148254490178211,7.184831902425289,7.492463633403894,7.189305361067189,7.268088219177647,7.188123647102391,7.389188155422345,6.810262624177224
33,circle_xy,False,10.0,0.02,60,10,True,499,0.9225272780447542,14.88806060004572,normal,nan,100.0-100.0-100.0-100.0-100.0-100.0-100.0-100.0,-0.4902944824316212,0.3570506439724104,-0.03525557470216583,0.23145482340180812,-0.7003978980373965,0.4222478894077081,-0.03783214727921194,0.27707379898647216,-0.3384968774339312,0.11764731852278283,-0.05489721685151886,0.08912356501188091,285.8862403595745,281.8315529861027,285.8326002052794,282.3939659030731,286.5477515671221,282.861294557074,286.5923607269232,282.3046749843258,True,0.9098394999891752,1.0129840624431696,-0.5700642102101603,0.3418181876978831,-0.04068208928070525,0.22609324745703638,-0.6760924362356422,0.41358859564674644,-0.04164191132888461,0.2734989141979869,-0.3647709603892329,0.10812442127705249,-0.034938974378153236,0.11552929876646895,283.7435663573705,283.03966253250184,288.4788295010194,281.3785539478555,284.4581597522732,282.972616804698,290.64164211870576,283.2814033394976,5.0,8.5,0.2933875693258757,6.999305221482457,6.893353756385486,7.277479324245569,6.999178433209278,7.034857590795165,6.983265691217362,7.046688151649542,6.681383322031679
34,circle_xy,False,10.0,0.02,60,10,True,499,0.8663264378407352,14.465343100011523,normal,nan,100.0-100.0-100.0-100.0-100.0-100.0-100.0-100.0,-0.31590372977401493,0.4673488558493024,0.030392735386355747,0.21804731570555735,-0.41587283796058655,0.7003603976700982,0.0408261527971461,0.26917598791993436,-0.3145060635667203,0.11455344804537886,-0.04903078664691443,0.08264603727425043,284.2315619044355,280.7301987891179,284.3158947162211,280.22520111815226,283.6006017589426,279.71877570227343,283.51605656698763,280.2427866900548,True,0.8799245998816332,0.8646820254843841,-0.33197821576135433,0.4588371066433964,0.02643364905611429,0.2153294302916341,-0.5826351344085061,0.6908689458336756,0.0335616480083495,0.28306862577703984,-0.20067841642950113,0.15294325740966508,-0.0025571131155037374,0.07007892354598498,276.0607865076812,275.87805171184885,281.70023053037477,275.5506697436934,277.20530801889515,275.9499037106862,279.3369116359001,274.1176530650373,5.0,8.8,0.19688604914391147,5.7804645220606155,5.381539895402012,5.837249652413632,5.094951253695207,5.361026107726642,5.521147845177915,6.110557955363965,5.323619161206028
35,circle_xy,False,10.0,0.02,60,10,True,499,0.8164114315211701,18.619903599981626,normal,nan,100.0-100.0-100.0-100.0-100.0-100.0-100.0-100.0,-0.44620581173355434,0.27915264347166463,-0.02527345756498808,0.20556423536125712,-0.7002695951746353,0.4336984777638483,-0.04247455871840764,0.26186802285388083,-0.2929881563541591,0.11157967900455133,-0.04401494271551069,0.07706542768246528,281.42093898623324,277.7275495744367,281.3508892996444,278.19932854705144,282.0267043445576,278.65443897286406,282.12481462642444,278.1997719626782,True,0.9483218000314082,0.895405361883094,-0.5247930228222764,0.3028555264814879,-0.026578531836861638,0.20180296562210853,-0.6737840094588471,0.3576532042632595,-0.046221915768862386,0.2570798924101893,-0.3178963142729783,0.09983933741107327,-0.015284696408720653,0.10657804935423383,278.3133537252912,277.7990164095372,282.9208506264228,276.386965472779,278.83974372772747,278.0261488324052,284.75263274832827,277.99526645532535,5.0,9.0,0.2672722775415241,6.193942766811783,5.800470707575091,6.427594210767305,6.067864956469144,6.100320510580836,6.10390232928943,5.943533191561184,5.867904821904241
36,circle_xy,False,10.0,0.02,60,10,True,499,0.7703295407589545,15.567342100024689,normal,nan,100.0-100.0-100.0-100.0-100.0-100.0-100.0-100.0,-0.24713937840332767,0.42578136948029627,0.01991504970452113,0.19374789484714838,-0.43686364514674075,0.7001933091753538,0.0430054722416518,0.25482451352353747,-0.27101367610583316,0.10875122517764528,-0.03944714524032835,0.07165564875509296,279.5877543125348,276.42252502955535,279.7575829883223,276.01939491752336,279.0873483297156,275.52625785071217,278.94936711266865,275.94152303786115,True,1.3050379999622237,0.7775037882668244,-0.28736166637754146,0.415642648140936,0.01763890441477355,0.19369670546469683,-0.5278413646824152,0.6910227285715175,0.03940391423198962,0.2634664645835434,-0.17147399119964157,0.14564828121435444,0.004672883929644996,0.05842278052051218,272.71441038973387,272.3831522079512,277.64139568988867,272.27465324379074,273.45639709336274,272.3254686688471,275.48668497917885,270.47428866845917,5.0,9.2,0.18004281985141454,5.544607227848901,5.216693209196034,5.510279845884647,4.930204113997992,5.041732291266309,5.269835354823558,5.737239930881872,5.159755411498986
37,circle_xy,False,10.0,0.02,60,10,True,499,0.7291274379025153,14.1982501999737,normal,nan,100.0-100.0-100.0-100.0-100.0-100.0-100.0-100.0,-0.22066212458949272,0.40607013784749507,0.014683859736486922,0.18262479161524522,-0.4279891238908789,0.7001441939254783,0.04266862620118751,0.2481208481455793,-0.25112776691213645,0.10613319180563272,-0.035505563115056614,0.06681987323394513,277.27574704832006,274.27049040613286,277.5194565229745,273.93681730815905,276.8088668010495,273.416108607259,276.625168070253,273.7917050052817,True,0.8988752000441309,0.7386164019457218,-0.26531066398658076,0.3965895613919004,0.013196934221106503,0.1838925263007387,-0.5013578303263934,0.6906441591032715,0.03941688841469725,0.2554986317323089,-0.15580604158466013,0.1427092715350662,0.007871056458251697,0.05307298743386901,271.29177408419486,270.86300074224306,275.9261671536007,270.82432373144616,271.85078727256655,270.7625151870647,273.9873665767116,268.9908129807729,5.0,9.5,0.16918165838849683,5.354579931344237,5.08068248053118,5.325284495597059,4.731427095967351,4.7333577659163835,5.034059253599659,5.472246651129076,5.008459537492046
38,circle_xy,False,10.0,0.02,60,10,True,499,0.6927993842498981,13.958589099864184,normal,nan,100.0-100.0-100.0-100.0-100.0-100.0-100.0-100.0,-0.38798554468447893,0.19815842461030167,-0.009760284111733214,0.1726779676337912,-0.7001021777468891,0.4090716430674012,-0.04167864428907475,0.24179639575560452,-0.23325207299235673,0.10370508444110701,-0.03214675897879847,0.06248805389234008,274.73698179779666,271.4327692126787,274.4943855154164,271.7820994585991,275.12000071910893,272.3202404269313,275.43580985085254,272.0091381405944,True,0.8323495000586263,0.7580611612803898,-0.4579166320465982,0.25465409126193694,-0.01030098945903573,0.17218911753039792,-0.6709775237305136,0.30639542886948745,-0.046859136058562186,0.23759183511624102,-0.26550660654010366,0.11582826246082178,0.006630607673700503,0.09803717615606186,270.98973658889105,270.16771807443024,275.08332350539314,269.39777380195613,270.7918366791508,271.11215212043135,276.67129120317696,270.1826805302888,5.0,9.8,0.22724636084218222,4.097339055483446,3.6248195161032997,4.351760547563709,3.8104162317262174,3.919618556159064,3.901015463196698,3.714361919299235,3.72948500022941
39,circle_xy,False,10.0,0.02,60,10,True,499,0.6597016962579104,14.387683200016909,normal,nan,100.0-100.0-100.0-100.0-100.0-100.0-100.0-100.0,-0.19710992497543134,0.3708372997994779,0.005204652292083324,0.16413497387614437,-0.3822956338517563,0.7001094996071817,0.040124506271025435,0.2355371931489607,-0.21754092547667628,0.10105966590023988,-0.029238509792669582,0.05858123777968034,273.08121002145464,270.43290615985796,273.44343392452413,270.1863019001933,272.73577882449877,269.5684959731815,272.43760428725153,269.8636108219336,True,0.8954321999262902,0.6675611381399017,-0.23317799010712098,0.36222566699838704,0.004200296309736569,0.1693101160524774,-0.45090338064218477,0.6898035356354643,0.035832986987312014,0.24408505288041935,-0.1254749541035374,0.1372024618061956,0.013458301236900122,0.04438382683052906,268.01997678254713,267.73473936738225,272.4808524928156,267.5612235388535,268.6766146710633,267.3933028661593,270.74881450456775,265.92026231376735,5.0,10.0,0.14937291897670746,4.644608657435493,4.446650643512128,4.576568832939737,4.085088152965905,3.8125602736150777,4.444568392791934,4.582612083235005,4.38180365992394
40,circle_xy,False,10.25,0.02,60,10,True,512,0.6227283990265932,14.589360000027227,normal,nan,100.0-100.0-100.0-100.0-100.0-100.0-100.0-100.0,-0.3547214325271433,0.19515224986232388,-0.004443590466489412,0.1558638028916815,-0.7001230954186961,0.3792334592400609,-0.03785091884270654,0.2282925145875262,-0.2034600627154139,0.09838923539839539,-0.02640127110596042,0.05424520168365955,270.8615649755,267.7957885282572,270.53279551484326,268.0772938767764,271.1623553797776,268.6790222776345,271.5665278922296,268.4407442804398,True,0.9232404000867973,0.6800512279888566,-0.42096313528320256,0.22929433913621955,-0.005398259036326118,0.15663031554505075,-0.6685300706124064,0.28289398691492723,-0.043680957966738036,0.22431821059271054,-0.23835370787935128,0.12357626549184025,0.01739508586384694,0.09244539364706393,267.07340481453537,266.4403945740044,271.0343035118016,265.6307479977448,267.12483295983634,267.332627097084,272.57546996371076,266.3596777241005,5.0,10.2,0.20813417869355663,3.5214065162549475,3.032995249687069,3.7285430752086968,3.1480934134027474,3.3205512774474113,3.211669468220456,3.0918841340634615,3.0466999884712727
41,circle_xy,False,10.5,0.02,60,10,True,524,0.5898113066466035,15.05843450003158,normal,nan,100.0-100.0-100.0-100.0-100.0-100.0-100.0-100.0,-0.3397968241189279,0.19142901829500894,-0.003539267093869615,0.14828514718250177,-0.3746811585993104,0.7001555131913211,0.03578036050848746,0.22148295246996663,-0.09593331123015315,0.19077915006962606,0.023900353396366193,0.05043325289244421,266.41775042691313,269.55382019367585,267.0836163524619,269.7085104173799,266.7445789875699,268.9894411249698,266.14961039211124,268.7695632684015,True,0.9705909000695101,0.6249528553906906,-0.347218890872147,0.2160455771522175,-0.005686574228881589,0.15555970192944077,-0.35130726430282067,0.6781559474014947,0.03514465674879075,0.21759350869654515,-0.07702544594857041,0.2932528533802537,0.07523772798822194,0.08280006856312956,262.41176276435175,268.9991492718468,266.05630632799824,266.31704370549994,261.05988690658626,266.360262623881,264.56230524291317,265.45743950072955,5.0,10.5,0.18017175395644622,2.9246925750511514,2.777827988906513,3.3213566654282465,3.0754063604699473,3.0187870374187193,3.0915698730756613,2.849109840422615,2.886649162004339
42,circle_xy,False,10.75,0.02,60,10,True,537,0.5595071610171821,15.191057799907867,normal,nan,100.0-100.0-100.0-100.0-100.0-100.0-100.0-100.0,-0.18638217247835337,0.3257902646185738,0.0029784960428256573,0.14123337670542876,-0.700182263176041,0.3712318821262259,-0.033824850168810566,0.21488697712886062,-0.09374658584909337,0.17914530965356182,0.021633356541241013,0.046924061882119276,265.1663424273167,267.31155387459523,264.6128422851893,267.1371163572555,264.91139407133403,267.92735255947014,265.5379852045852,268.0410321343439,True,0.9661788000521483,0.5875939415667789,-0.24710866965231912,0.2810488531819477,0.005872348358539626,0.15839446001008475,-0.6737343556480967,0.2879170986717852,-0.028891388594776655,0.20805745566629888,-0.10344115357803049,0.17610313498916844,0.0688702019687595,0.056899734702652846,258.8158856350451,261.3058315336778,260.3997470429166,261.9777178074389,258.63401437590704,261.8574499839752,262.46664645441626,261.8425328077587,5.0,10.8,0.2375974983378938,7.42764922956007,7.695396503515987,7.283017502134857,7.064909440491398,6.6305633079948665,7.370926914935684,7.0368977976291225,7.611239383903944
43,circle_xy,False,11.0,0.02,60,10,True,549,0.5324581688492219,15.643225200066809,normal,nan,100.0-100.0-100.0-100.0-100.0-100.0-100.0-100.0,-0.312560620818722,0.18044819120429523,-0.0023234972818849476,0.13479355799882584,-0.3659738533423641,0.7001937947053578,0.03208653242160559,0.20874800047402936,-0.09157843510196917,0.1687295234185883,0.019650502696831093,0.04387161222945511,263.5215464464167,266.43395235038946,264.16502653184534,266.5412415947113,263.76658319318216,265.8107176595849,263.1960113550892,265.63880761620925,True,1.0068190999663784,0.5644282710837452,-0.31940138973607823,0.20214327648051747,-0.0037078828098321024,0.14107446579888488,-0.33794585453079934,0.6770284664375247,0.03084586136169684,0.2056941042279896,-0.06892855345782595,0.2771673078884702,0.07355078806685335,0.07687527709771026,260.27289440481815,266.34581923003293,263.39107999435925,263.99215566158045,258.75349021914815,263.880509707085,262.1704476597036,262.8233228254717,5.0,11.0,0.17458007423622596,2.7828902973964103,2.574461225278759,3.1881232981255034,2.9020273031991652,2.7388256043442105,2.908547361405338,2.545309642499763,2.5926136886012623
44,circle_xy,False,11.25,0.02,60,10,True,562,0.5071871590557933,16.207308800017927,normal,nan,100.0-100.0-100.0-100.0-100.0-100.0-100.0-100.0,-0.3001771236225702,0.17394922528510537,-0.001966266651187132,0.12877974411711288,-0.36161402561040534,0.7001011645121282,0.030441612436693372,0.2027003727534281,-0.08946118389424126,0.15911059684159803,0.0178674124086743,0.04103764272610969,262.2103239460782,265.0225073511938,262.81478928737954,265.07590292063605,262.39775951486655,264.3409251713763,261.86526771735623,264.2227377350003,True,0.9279758998891339,0.5372930554489389,-0.3063259672321351,0.1964735493874708,-0.0030762564172530085,0.1345575574453373,-0.3293115137916611,0.6759610477922237,0.02890605230159332,0.20004968373745227,-0.06580466659445063,0.26901951217365444,0.07303164413887932,0.07417916045028265,259.1873231692315,265.071385973978,262.1951499132832,262.8752696933699,257.79675724546644,262.6011252023611,260.9675183368062,261.712742260302,5.0,11.2,0.1729236442050429,2.742571883900761,2.5178861374895085,3.1528617003276582,2.846433003460532,2.654388946105411,2.8537507616103768,2.4550975804594524,2.4998464710791493
45,circle_xy,False,11.5,0.02,60,10,True,574,0.48441751900180696,17.128501100065478,normal,nan,100.0-100.0-100.0-100.0-100.0-100.0-100.0-100.0,-0.2885303123872859,0.16715196668975674,-0.0014974042973627942,0.12323350311326363,-0.7001664606604364,0.356191893828375,-0.028958053019856,0.19698141639863978,-0.15024003267847225,0.08743932438415988,-0.016287336266701424,0.038498729666661846,263.2353776482427,260.63833669043055,262.7906605483412,260.7818797185164,263.34890404169244,261.43395579471246,263.8646988937789,261.3607648523953,True,0.9831412999119493,0.5261914390399358,-0.3467813998173973,0.188271495412071,-0.0003686537028562621,0.1243779480560363,-0.6578025951878059,0.2595534689244165,-0.033902122362604106,0.1918550846513075,-0.1771993977473378,0.11910000740164142,0.038134017502157926,0.07776779550178294,259.0396240571269,258.40382224370177,262.4999468922874,257.91739585025886,259.6148976494859,259.3929511772609,263.5819030205444,259.07626538230136,5.0,11.5,0.18350301289191115,3.176043154156349,2.726974776540804,3.313504531001993,2.732387225040715,3.0482631979152894,2.692982311852402,2.6994316383223484,2.578094760665537
46,circle_xy,False,11.75,0.02,60,10,True,587,0.4636697947727864,17.35101020008733,normal,nan,100.0-100.0-100.0-100.0-100.0-100.0-100.0-100.0,-0.1602621522435946,0.27793430616091724,0.0012831383364927328,0.11806812874800125,-0.6999254052078628,0.3519014863096658,-0.027626319561292845,0.19175030141357674,-0.08538683388185958,0.1422453426961903,0.014832531607465196,0.03618355498764095,260.09499063368446,261.9071050041561,259.6063566214922,261.82620115695073,259.9778219178209,262.6070832999374,260.5360583030244,262.60974455837936,True,1.079261100043368,0.4859827409853326,-0.20542176071328286,0.23559330336008968,0.0027336265270098492,0.13228088892058534,-0.6575047978940506,0.2600986404502036,-0.022466200663811213,0.18543701807060925,-0.08431087589365054,0.14630881681352195,0.07030357324246732,0.05182708401338605,253.50152484463698,256.4805597103472,255.26341180986222,256.1630067595364,253.8028829932391,256.5456915036357,257.4389700208086,256.6353633176269,5.0,11.8,0.21805581913396335,5.952349758368333,6.057996179815424,5.970454875458251,5.625726876598103,5.326609018082412,5.856978591989633,5.542231249195064,6.0123849552825
47,circle_xy,False,12.0,0.02,60,10,True,599,0.4446314613356054,17.85884189992794,normal,nan,100.0-100.0-100.0-100.0-100.0-100.0-100.0-100.0,-0.1533757836477303,0.2667829084643473,0.0009219439767899118,0.11319171864603683,-0.3469846999445778,0.6935404096960848,0.026378411545524897,0.18663873788128113,-0.13405636803003163,0.08133519040722541,-0.013490679046301014,0.033872806484959474,261.18836684660334,259.41278712150427,261.71807181355774,259.4037755119796,261.15267389028963,258.7116898793186,260.6962195093305,258.80392649524657,True,1.1625454999884823,0.44501465114448074,-0.17279760267148028,0.2551142336670006,0.0014473023431864037,0.120013662722787,-0.3123895227443957,0.6841965048510296,0.02433902121056799,0.18907160062017286,-0.05803541691331538,0.11238539924876564,0.04054766791670055,0.03380843713342738,257.70618911365943,258.58960748485094,261.68743386650493,257.57349743580653,259.0452803549307,256.74592466300294,260.28853955732137,256.47080341372543,5.0,12.0,0.13589377651284276,2.7883440259058117,2.420425650454189,3.2993350683282894,2.3385586255107427,2.3541312529952014,2.4769182861458225,2.674391016553952,2.5130162620362286
48,circle_xy,False,12.25,0.02,60,10,True,612,0.4256612756308072,16.73419979991013,normal,nan,100.0-100.0-100.0-100.0-100.0-100.0-100.0-100.0,-0.2551606100422885,0.1466315672337553,-0.0007310014069220911,0.10847517478633482,-0.6821467558198153,0.3431656574142714,-0.02506198456017395,0.18099300619078965,-0.1255890938486904,0.07628377624885581,-0.01225725561263747,0.03143879221168095,259.7873120622356,257.45394060065996,259.31057551904644,257.5211374221928,259.80164609818587,258.1531757134031,260.3657168713498,258.16534766146856,True,1.0495309000980342,0.46005113688372984,-0.3111373839189135,0.16531345181152182,0.0013418079363440244,0.10964360704637018,-0.6450715131193078,0.24450514676589893,-0.028840216635132206,0.17613355868525363,-0.14766923821341546,0.12017544320608378,0.04627046474825525,0.07023417599590999,255.58102138494675,254.89468237433945,258.23842415714057,254.56975953963678,256.3471203408412,255.94360633051593,259.1519552718927,255.91329897478056,5.0,12.2,0.17471532949413657,3.1732588774069934,2.730198979419083,3.3479701773813777,2.8055698899714745,3.091264953829208,2.669975643294049,2.7028639477687344,2.5796313019203962
49,circle_xy,False,12.5,0.02,60,10,True,624,0.4084460960748743,16.98152510009095,normal,nan,100.0-100.0-100.0-100.0-100.0-100.0-100.0-100.0,-0.2443347099290181,0.14022374584515407,-0.00042811557922261726,0.1040854061781587,-0.33878191285638243,0.6710316274637295,0.02385676707001449,0.1757094446444462,-0.07170736206103448,0.11776531749369482,0.011162156874008523,0.029251748431942184,256.5804753426814,258.90590521402237,257.14859846631464,258.87823455262185,256.6366339880118,258.1525657165167,256.15328356873744,258.1119155736073,True,1.06510290002916,0.4289810212680044,-0.2504216524088299,0.15885549588951395,-0.0007466249928877204,0.10720691962984573,-0.29058972278766426,0.6655648197076177,0.021881130305965012,0.17479626418719948,-0.05381288851047758,0.23091965867157105,0.07122775678819211,0.060887695380657504,253.9322875878546,259.37226181898956,256.7268139143134,257.82352870377525,253.1943090203662,256.87942579538793,255.69605679660697,256.74272562317987,5.0,12.5,0.16400678804709357,2.3945108349761055,2.060310825262153,2.755078293496981,2.322329401996892,2.2324470946782733,2.3590671090099953,1.9790733135336678,1.9833685815756041
50,circle_xy,False,12.75,0.02,60,10,True,637,0.392191368056519,17.422887699882267,normal,nan,100.0-100.0-100.0-100.0-100.0-100.0-100.0-100.0,-0.13460853355773753,0.23416869614074864,0.0003042216152648358,0.0999425203664273,-0.6602046964340896,0.33526527983654486,-0.022712854948619656,0.17056945573951424,-0.06744669628195546,0.1106206493375163,0.010173486492425918,0.027227388687221816,255.48537943858776,256.8951510487064,254.98989257271398,256.8607463019244,255.44805390451003,257.6771149377623,256.01778597100616,257.6382643399406,True,1.1671812999193207,0.4071531407709147,-0.18233184750651973,0.20190383450707772,0.0008719117026920658,0.11024403020899987,-0.6326095557554865,0.2428765692852428,-0.01888570245405349,0.16533406159267194,-0.0674163153847799,0.13257572822825597,0.06938693372352042,0.046004111956847664,249.90922173140456,252.82727499988908,251.81362623178703,251.97736282478428,250.42638584867194,253.1651630837401,253.32607362674378,252.9489256811894,5.0,12.8,0.1900952513112253,3.9914559228636466,3.9555731256275473,4.178987914257856,3.7124557967453176,3.6252814608846786,3.887183989487255,3.709039240388509,3.946128271418828
51,circle_xy,False,13.0,0.02,60,10,True,649,0.3773486010414273,17.96066770007019,normal,nan,100.0-100.0-100.0-100.0-100.0-100.0-100.0-100.0,-0.12970742704689325,0.22466108272626437,7.213724783040422e-05,0.09607238883875106,-0.649697967094648,0.33115424327359017,-0.02166125382378624,0.1657559800627039,-0.06357492256344698,0.10399513564500557,0.009296566634929122,0.02540371883509525,254.3827633402309,255.69446149868975,253.88546337261283,255.6659257257072,254.36191213607037,256.50114237188257,254.93322141241708,256.452944902994,True,1.127693199843634,0.3909973229764909,-0.1742169946419864,0.1947400612101265,0.00047050411781714163,0.1054459488301151,-0.6264724863578205,0.2387996936982942,-0.018133760301766874,0.16106505607008204,-0.06382070270650804,0.13027722776272946,0.06925321731063216,0.04441973252305432,249.233676736716,252.05446457586166,251.154058475077,251.1458428531845,249.70755658457017,252.53257646762862,252.4957046143731,252.19702491968374,5.0,13.0,0.1842041525776232,3.609318753993149,3.552874359945617,3.8342701894332496,3.3378762258861987,3.2917249642543176,3.4931356481728875,3.343052216215227,3.537759188477059
52,circle_xy,False,13.25,0.02,60,10,True,662,0.3632994884308131,18.941265000015846,normal,nan,100.0-100.0-100.0-100.0-100.0-100.0-100.0-100.0,-0.21573142074710266,0.12522475650609188,5.658768439329234e-06,0.09241007366522024,-0.6395123058203077,0.3276364596318026,-0.020657926285139714,0.16108683963166068,-0.09789999625371947,0.06000854126889937,-0.00850105654433484,0.023705051521701978,254.93792411250567,252.96023617032114,254.3982051087818,252.98394301989433,254.9022379933958,253.71060670818,255.55848917554883,253.7359605063913,True,1.3865666998826782,0.39336250577009224,-0.2716498557870388,0.13934588145505974,0.0021927368466090518,0.09391420107340233,-0.6220969666389692,0.22571378862899155,-0.02368120232801584,0.15817336437107968,-0.11493471064556164,0.12224037474774731,0.054753188190941104,0.06205537520165325,251.7761656378073,251.17330024012526,254.11135523263565,250.4464712355894,252.72779298968854,252.68327035690538,254.55039617356684,252.13923027522696,5.0,13.2,0.162508379406139,3.0304755482650387,2.58725813538508,3.3446379183335004,2.6948961646287843,2.989251504734381,2.6072020248495145,2.638996175761959,2.4645898045352213
53,circle_xy,False,13.5,0.02,60,10,True,674,0.35036954888262917,18.450202399915725,normal,nan,100.0-100.0-100.0-100.0-100.0-100.0-100.0-100.0,-0.12115063310734239,0.20732940771737016,-0.00018509257100841967,0.08897838801671529,-0.32363991923907676,0.6296444668672119,0.01973739338863448,0.15670953630312065,-0.0922910141544639,0.056712875641536015,-0.007797983615426377,0.022177162461253473,253.82178405637222,252.71712592665924,254.48861727612024,252.74379876855278,253.8593402803139,251.95542990066178,253.30799127057804,251.97500706511082,True,1.3511722000694135,0.3538880313204211,-0.13978598420029317,0.1980142938082074,0.0004858100120547309,0.09190981038576657,-0.25436736222120737,0.6590943062987978,0.019553981112011655,0.16076123308163276,-0.030153568658322437,0.10494083518408436,0.05369065285699348,0.03508277058861692,251.82865179852675,252.36572148445828,254.6407989881828,251.8499828982402,252.9581825332372,251.19808845842837,252.90234473047582,251.2115920607077,5.0,13.5,0.13524087640335275,2.17364090370235,1.6692538110048039,2.754240913246691,1.6895646500162422,2.094027053775396,1.6031772347025672,2.0110502524473866,1.5349997456463553
54,circle_xy,False,13.75,0.02,60,10,True,687,0.3380861009963358,18.70491290004429,normal,nan,100.0-100.0-100.0-100.0-100.0-100.0-100.0-100.0,-0.1994199385054197,0.11718706497068658,0.00022866093694697419,0.08572484431509764,-0.6200565810217954,0.32023327334363083,-0.01885644616594198,0.15246161492008187,-0.08710424363439244,0.05366864544646689,-0.007156273660855666,0.020748776388160216,252.82936931390805,250.9941816502944,252.2675499899487,251.01016883971144,252.790419121167,251.76661984317164,253.46681741539751,251.79457107077852,True,1.2617188999793143,0.36560538921430447,-0.25492552869636087,0.12526570812801133,0.002243016467743998,0.08753689931617654,-0.6105325824123577,0.21837700258893405,-0.02164556588690952,0.15008468703884623,-0.10181571935620316,0.12154017243831834,0.05836359294538507,0.058329423822496645,250.5688357602166,250.02129434930734,252.76106331959994,249.1422407842026,251.52447215714682,251.6773929081638,253.13076224340713,250.9162369478708,5.0,13.8,0.15593534337088608,2.903457250473259,2.465960364591903,3.2892175706072075,2.565282213505377,2.8852190789305845,2.5450275481983993,2.550367630852863,2.3529392140307124
55,circle_xy,False,14.0,0.02,60,10,True,699,0.3267373309921074,19.24868660006905,normal,nan,100.0-100.0-100.0-100.0-100.0-100.0-100.0-100.0,-0.11331151403107123,0.19195913090133518,-0.0003667329282572242,0.08266885839630925,-0.6107700740034054,0.3163765539619108,-0.018045568510618133,0.148471297826106,-0.05084710072963888,0.08230865675219842,0.006587362340264102,0.019460950471769854,250.43702006813155,251.42168621646098,249.93196413969758,251.41294831376982,250.4625506355084,252.30360111433188,251.07185552692061,252.24635391712405,True,1.3781683999404777,0.33611308868802076,-0.15863436585013357,0.16834972935921474,-0.0005099109417332087,0.08955671436742983,-0.6035249631655082,0.2224843798446001,-0.015434140006564028,0.14610597441842804,-0.05133739708040804,0.12849483966402117,0.07002892834457751,0.039715250681818796,247.20301285317657,250.03532579493844,249.50544441572518,248.8607103448538,247.67390728085243,250.85338459906293,250.59339408598598,250.0384902574569,5.0,14.0,0.1654852243768784,2.6969967682062075,2.5736049456374785,2.998524836253837,2.4185062151012686,2.4909784660728604,2.521276645797143,2.37968637445428,2.5176102158501212
56,circle_xy,False,14.25,0.02,60,10,True,712,0.31589739694970453,19.395980299974326,normal,nan,100.0-100.0-100.0-100.0-100.0-100.0-100.0-100.0,-0.1849111260120019,0.10955586974635605,0.0003858649387840101,0.07976459116649079,-0.6017855943438386,0.31300703622706944,-0.017267310411651773,0.14458630570151884,-0.0778699887292445,0.048225465229062965,-0.006066680375905394,0.018254387576571888,250.8912758383767,249.18094961443649,250.31257632770206,249.19164293592888,250.85145001293003,249.97171680432314,251.54249902428458,250.01305879958903,True,1.358799400019052,0.34112669035236903,-0.23985683286025059,0.12286445679122374,0.0021331663798665095,0.08190284708860526,-0.5996494212161163,0.2122688932827627,-0.019862556993184965,0.14263006478984408,-0.0897778866335062,0.12121096996283492,0.061458858508464026,0.05490673513274488,249.22007542413175,248.7525462176445,251.3789138954942,247.79382703038456,250.04262559356556,250.4210326351323,251.7276581170426,249.48666690471526,5.0,14.2,0.1494212078328312,2.743801764966491,2.2923034977297894,3.183002526189921,2.3923916919721173,2.7491458656012364,2.426320614902898,2.414059409404357,2.1957742474468547
57,circle_xy,False,14.5,0.02,60,10,True,724,0.3058498875155051,19.925344299896096,normal,nan,100.0-100.0-100.0-100.0-100.0-100.0-100.0-100.0,-0.10601825904832606,0.17824674891063402,-0.0004934138030791942,0.07702897094612426,-0.30927797508291804,0.5930784830604102,0.016550422377096887,0.1409346222063981,-0.07376109304076205,0.045785485130447875,-0.005603708108269232,0.017164726826823788,249.94152475442687,249.12603612636286,250.63820701918647,249.17309011032677,249.9810091500178,248.32735684564784,249.3955281099788,248.33619150200525,True,1.1497284999495605,0.3086828559453758,-0.12315082827235398,0.16997126804768453,0.00022207166633736192,0.07966799378165532,-0.2423499686912893,0.625914864954251,0.016609725289275273,0.1446569293967605,-0.013823329866820848,0.12056586428824212,0.06044267646783004,0.03599970806995847,248.47890473985782,248.7309801486655,250.58427136516667,247.8875957570806,248.8960501214868,247.96184582896146,248.3494391760566,248.24614580247226,5.0,14.5,0.13399468417117466,2.097456114742557,1.5859938363182287,2.6543177124255646,1.549827627465867,2.130512986958924,1.463745712756121,1.9236411552585304,1.3991262913215525
58,circle_xy,False,14.75,0.02,60,10,True,737,0.29623070342218094,20.291555100113328,normal,nan,100.0-100.0-100.0-100.0-100.0-100.0-100.0-100.0,-0.10259376029209115,0.17193904150962014,-0.000496023500179892,0.07442279228770908,-0.5846353187237009,0.3060550911366722,-0.01586232725084331,0.13737597955571051,-0.043512068198841014,0.06995034585969333,0.005177118136471824,0.016139600049083918,247.88191456525703,248.66813162545472,247.36433176489538,248.67779868605103,247.92089374732947,249.5861062209492,248.5530351147745,249.53551484925282,True,1.3418834999829414,0.3053957170476962,-0.12713175386796105,0.15218758048696268,-0.0009021788200568691,0.07776060385187322,-0.5878662566165666,0.21173671251827028,-0.013575731682212856,0.13599054844264458,-0.04444178351912464,0.12812455256423574,0.07164641315568666,0.03885020440662204,245.3751138183074,248.19368507951333,248.12461954603322,247.05939543896267,245.67691611800709,249.39436526598934,249.089150462564,248.04005726749295,5.0,14.8,0.15938815623537606,2.321135518036999,2.1017337899421253,2.681990729167221,2.030415117251092,2.2356138318841925,2.1271325460111488,1.9740042415407362,2.0317405412157328
59,circle_xy,False,15.0,0.02,60,10,True,749,0.2872689902901526,20.960331700181996,normal,nan,100.0-100.0-100.0-100.0-100.0-100.0-100.0-100.0,-0.16595672572812112,0.09924286616459624,0.0005807864023109962,0.07196182810907924,-0.3025167064224387,0.5764478708167442,0.015226831573931917,0.13402754961518815,-0.041378452363604004,0.06642223473957236,0.004798127422223787,0.015213128702162411,247.13872551801856,248.75279590796987,247.77754578067683,248.7047558750651,247.10096628981307,247.8252229709478,246.57555553009163,247.84005398041793,True,1.3870992000665865,0.2992258796446046,-0.17476222494426552,0.1008513329642587,0.00039957792836902686,0.07444878077029725,-0.2182369426733985,0.611520681234438,0.014174502124290745,0.1369174876040488,-0.03190521337784642,0.175488476650131,0.07194186638823344,0.04155363769260621,246.41635443230652,251.70570684426235,249.1224150344577,249.82005975379695,245.7167124495355,249.70670733391532,248.1521957426353,248.2932398407697,5.0,15.0,0.1436165352943298,2.0734975807228473,1.7329833137156596,2.500770921375792,1.8205661986419397,2.096611267193439,1.9089875002529224,1.7629597582508463,1.500998969146367
60,circle_xy,False,15.25,0.02,60,10,True,762,0.2786635267672211,21.727674299829232,normal,nan,100.0-100.0-100.0-100.0-100.0-100.0-100.0-100.0,-0.09598729537097087,0.16028329641101166,-0.0005721464808503258,0.06961249327556315,-0.2993729024095061,0.5685014118010661,0.014614889324316666,0.13075621911986013,-0.0631372726744587,0.03938444090123706,-0.004447213112369617,0.014337997618847803,247.4290301456052,246.7963649034127,248.13807406044901,246.84204647033172,247.4652062899735,245.9617680197164,246.86446568543278,245.9674514338681,True,1.3221142000038526,0.27979050212565565,-0.11226771680955407,0.15306635094546742,0.00020543247349297586,0.07270487012314052,-0.24578815529567308,0.6007035359238878,0.014720668322975233,0.13399205161005914,-0.003799213683891557,0.12759179145574356,0.06391904123831399,0.03594462843356811,246.2628919408275,246.3717054742692,248.0692787504142,245.41456897843392,246.21243783208564,245.89765970395717,245.67095130192178,246.0572969364422,5.0,15.3,0.13024082190331635,2.0994207171562755,1.5911600026322674,2.6298218307937806,1.5237460896811956,2.18059047893417,1.4687511104651947,1.9040336665692492,1.4186683478826032
61,circle_xy,False,15.5,0.02,60,10,True,774,0.27056240458076924,21.594917499882285,normal,nan,100.0-100.0-100.0-100.0-100.0-100.0-100.0-100.0,-0.15488048360915455,0.0928889566751243,0.000639933721596387,0.0673886773690751,-0.2959272797363329,0.5607286516393272,0.014047200533835392,0.12766007470776655,-0.03747073124622979,0.060093006489994896,0.004137143744854645,0.013545368393447102,245.64774245792037,247.16770858941092,246.297615043169,247.12527945953792,245.6136494245849,246.22564500700227,245.0745066573788,246.2496930201462,True,1.3480228998378152,0.2816055842509279,-0.16329339473122512,0.09334807346412514,0.00039694931084508856,0.070041245315287,-0.20805600991690917,0.5951432039596846,0.013380439922061142,0.12988887802269417,-0.028093897173178048,0.16759749662961604,0.07238613630139375,0.03890166912314738,245.03398150035423,250.22405683239853,247.62530743126698,248.20590681836404,244.32753493137602,248.4233170899712,246.64096017733715,246.60971747888783,5.0,15.5,0.14077184204144974,2.0361323760670973,1.680652029676461,2.4946835791978956,1.7507411270885456,2.1011696339116503,1.8436489591793244,1.7623788415367074,1.4330255046646454
62,circle_xy,False,15.75,0.02,60,10,True,787,0.26273176329966413,22.21330720003607,normal,nan,100.0-100.0-100.0-100.0-100.0-100.0-100.0-100.0,-0.14974121074542635,0.09064444666499946,0.0006241817974724756,0.06526151253717732,-0.29289982306723195,0.5531371438032238,0.013499908513772037,0.12462590602115692,-0.03565661395274279,0.0572619173589282,0.0038497172013001123,0.012794291980362244,244.93502798662692,246.41164003752257,245.58956010766354,246.37237344114192,244.90348517267935,245.47040762901233,244.35822737135334,245.4926609099779,True,1.3553244000431732,0.2735060622046616,-0.15814544893903576,0.08944431159363514,0.0003149926979087929,0.06803875053141331,-0.2069217308852544,0.5872191734405198,0.013166327643617462,0.1264427470848364,-0.02634247184480786,0.16391828692271423,0.07261953135342876,0.0377476729773192,244.3686753499239,249.5185302509407,246.89201436084494,247.41450152115303,243.63352962907115,247.82312110611386,245.8962127889153,245.8052875612961,5.0,15.7,0.13941566817727416,2.0163344791522504,1.6561814698727695,2.491281072207082,1.7259987962345447,2.1070749813605625,1.8074159160407763,1.762884079475865,1.4038731400374251
63,circle_xy,False,16.0,0.02,60,10,True,799,0.25541442617057264,24.489384300009988,normal,nan,100.0-100.0-100.0-100.0-100.0-100.0-100.0-100.0,-0.1448571738611928,0.08860128233221701,0.0006786535005859173,0.0632446654237154,-0.2896564923074725,0.5457554981401209,0.012991021147196889,0.12177064376834972,-0.03395962641960462,0.0546141216469841,0.0035923090711730056,0.012112106226292019,244.2493300465887,245.6851476197111,244.90806567383004,245.64887895876228,244.22026234684233,244.74505392841158,243.66949235649395,244.76556434271083,True,1.4087261999520706,0.2658532374906429,-0.1532897263090603,0.08563724279996357,0.0003387747410826014,0.06608188294262815,-0.2056151501594022,0.5794879946442032,0.012919655323034678,0.1233160887054739,-0.024691455565328944,0.16032239955477148,0.07280870265317088,0.036671134782057815,243.72755015731195,248.7879343762398,246.16674646378672,246.6581823901883,242.95420472953322,247.1719195090792,245.16731960345683,245.11061831685547,5.0,16.0,0.13804304810801657,1.9950780055597053,1.6258165474215331,2.483625825781523,1.69945040188575,2.111074671441491,1.7668031277432157,1.7589793609610842,1.376685838380121
64,circle_xy,False,16.25,0.02,60,10,True,812,0.24840146967282126,23.166950000013458,normal,nan,100.0-100.0-100.0-100.0-100.0-100.0-100.0-100.0,-0.0864549593842982,0.14021157952923746,-0.0006540810982610837,0.0613165511013964,-0.28602615023426725,0.5385759485884067,0.012514697440696472,0.11893820855554098,-0.052137155393519624,0.032370653777222265,-0.0033503096093015607,0.011461413922061337,244.46097304505446,244.0302019458239,245.1804614090892,244.0637628869411,244.50017704220954,243.1671752862225,243.88466647339564,243.15694262998346,True,1.8877492999454262,0.24788475778260768,-0.10703615566369361,0.1359355623831072,0.00017971272979008012,0.06489149767216616,-0.24746707095152334,0.5698115395366061,0.01246516093965422,0.12178953873494108,-0.002201081502215525,0.13123933883913813,0.06694058094074853,0.034946055707133716,243.35290323195474,243.95037980355409,244.90008525987767,242.64897640406917,243.1813257567844,243.36175932540274,242.78803719731306,242.98341336658137,5.0,16.2,0.12400439874188776,1.9933565587731725,1.438248918951959,2.5427355227568045,1.3768871119371184,2.1448752398439397,1.4250434458334262,1.7668250327894701,1.272116597808598
65,circle_xy,False,16.5,0.02,60,10,True,824,0.2418788197328116,22.775911800126778,normal,nan,100.0-100.0-100.0-100.0-100.0-100.0-100.0-100.0,-0.08425968541544977,0.13578888364444228,-0.0006928159796458784,0.059487792007730224,-0.5315909559760256,0.2816543239987505,-0.012100096888675808,0.11622851732249335,-0.03088101107425944,0.049817185813572515,0.0031309097678343663,0.010866502277721308,242.92707001202476,243.375597828663,242.36701391246334,243.39280136530948,242.95144522902882,244.31233908539454,243.61708403949402,244.28158726865632,True,1.6409913001625682,0.2521087232468084,-0.10167246587970787,0.11551139098959433,-0.0011932712789081818,0.06143449878382266,-0.553240451774636,0.1901206614722897,-0.01047695583414809,0.1161030110812336,-0.03137735323703872,0.12722080345792644,0.07520030390683248,0.03501258753919359,241.60922640384655,243.43498260489727,244.34977655269785,243.14665313987322,241.56875365956944,245.70048066006854,244.89105139160733,243.84609847918676,5.0,16.5,0.1469685931951326,1.8978701914627678,1.4680804274083905,2.4116292695210166,1.4870829792455071,2.0871280845395583,1.6587458423489159,1.6206632966058063,1.4306242337774564
66,circle_xy,False,16.75,0.02,60,10,True,837,0.23563940741649833,22.975984899981995,normal,nan,100.0-100.0-100.0-100.0-100.0-100.0-100.0-100.0,-0.08211396732646624,0.13157498907652695,-0.0006629358343372674,0.05773333860258809,-0.5247932594444775,0.2785795704048095,-0.011726419944823666,0.11355001493437197,-0.02948312305636807,0.04763311570912381,0.0029222812189795906,0.010297398676921064,242.3100178962056,242.7241660335791,241.74630676165748,242.7398116666404,242.33218183257262,243.6581676763971,243.00011552720562,243.6299622375008,True,1.6892160999486805,0.24604007896426655,-0.10157257976928462,0.11519773202216492,-0.0011542937802706242,0.05987337459774633,-0.5480039595210806,0.1877966547589465,-0.010154533003417674,0.11349649417793074,-0.029623220535453063,0.12624792259312545,0.07554273089287811,0.03449558584928402,241.07977172555533,242.81454154569224,243.8105339260959,242.5829623470283,241.00959749569944,245.17379479224388,244.29608466464586,243.2485943566697,5.0,16.8,0.14513060975476114,1.8492739247436154,1.4124642882759146,2.3979873429926846,1.431132640031401,2.074111670943844,1.6264742225239877,1.5900709797147292,1.3812674818128299
67,circle_xy,False,17.0,0.02,60,10,True,849,0.22982519688775482,23.53245709996554,normal,nan,100.0-100.0-100.0-100.0-100.0-100.0-100.0-100.0,-0.08004938082410354,0.12755677969496557,-0.0006952515674304331,0.05606163372036833,-0.518175941215954,0.27509994213655486,-0.011379049069495138,0.11103910791467335,-0.02816991528779461,0.04558090482601866,0.0027347579108226087,0.0097797756730053,241.71539513730212,242.09733507065877,241.1485001605368,242.11149029890916,241.73998458768548,243.02839589005774,242.41056350290484,243.00259303096917,True,1.7448786001114058,0.24062575051310187,-0.10032936222223776,0.11588596435792715,-0.001177198495860335,0.058373496948900344,-0.5418891508635901,0.18559963730002757,-0.009843411998746089,0.11103155788862902,-0.027801323579170645,0.1252091278802704,0.07595249327289928,0.03408409181799323,240.47177102919437,242.15296008214105,243.29234103452964,241.99588054519057,240.398455978294,244.591740727016,243.7142076726054,242.6366089143837,5.0,17.0,0.14361650181370253,1.8036335532191992,1.3619553846683354,2.3898702404268066,1.383268001216273,2.06038450236846,1.5963996624968688,1.5601135433074678,1.3362272658815169
68,circle_xy,False,17.25,0.02,60,10,True,862,0.2242162707314937,24.711548500024946,normal,nan,100.0-100.0-100.0-100.0-100.0-100.0-100.0-100.0,-0.12372215968220397,0.07805967687321752,0.0006591398434067867,0.054463444093579484,-0.5117323699400159,0.2737262567413976,-0.011024927467723144,0.108658815393334,-0.043650501128556625,0.026935027954774732,-0.0025626069970651317,0.009294495734736048,241.94860068540075,240.75021375858373,241.33187235495996,240.73744026709522,241.9152564525541,241.62146295242454,242.63961515267206,241.6450714693718,True,1.7796447999062366,0.2403987561444197,-0.17767010480282208,0.09417418986612389,0.0014930455790164293,0.0584848942818065,-0.5331289435158074,0.1839147531526885,-0.012562919756766119,0.10782538824507297,-0.04194818741952538,0.11567391435386336,0.07103246091477179,0.041642523662620355,241.6882015794948,241.71002329098837,243.9623448211664,241.01436738347496,242.15959262880284,243.8310868911978,244.7455358177269,241.84328344742778,5.0,17.2,0.12270802017169713,2.108161797078188,1.5977244201206824,2.7640604038355168,1.6616453677551835,2.422459804388327,1.8705388317584841,1.8769601658100659,1.5008485803648675
69,circle_xy,False,17.5,0.02,60,10,True,874,0.21890520786981357,27.677315600092697,normal,nan,100.0-100.0-100.0-100.0-100.0-100.0-100.0-100.0,-0.07613950291694763,0.12005998492572934,-0.0006757066104685216,0.05294820658290645,-0.5054561962353893,0.2718167385997126,-0.01066583917678791,0.1064700343131571,-0.025772554139940812,0.041831865141651846,0.002413238981781741,0.008858320376179828,240.58952295996593,240.91178044200674,240.02424888993644,240.9231556333485,240.61993505329252,241.84745596402794,241.29530669702234,241.81645173594714,True,1.7164785999339074,0.23070496403621518,-0.0973269637691714,0.11815304321371406,-0.0011228454659278667,0.05576533545166828,-0.5292759791340588,0.1813977643569351,-0.009238967367581907,0.10658121420626716,-0.02430054425380212,0.12354333582788059,0.07667427750896472,0.03322448966296628,239.26958284501973,240.84952985056196,242.27537796731727,240.84656695342804,239.20901948282986,243.46314140628948,242.58251115123815,241.448834339199,5.0,17.5,0.14079825867581325,1.7550816633680695,1.314369493467923,2.407104955803527,1.345346956866194,2.063379708311302,1.58180589227984,1.5389869251199133,1.2936990770724812
70,circle_xy,False,17.75,0.02,60,10,True,887,0.21376306009773566,27.65581679996103,normal,nan,100.0-100.0-100.0-100.0-100.0-100.0-100.0-100.0,-0.07428541086950793,0.11655996651409811,-0.0006305408811926477,0.05149939436770321,-0.2702832469555463,0.49934135122010814,0.010303377023053055,0.10429614504724835,-0.040111748178495325,0.024677340772290147,-0.002273389580721776,0.008437834151549252,240.77279465948104,240.53154020044266,241.49371116023448,240.55097548121907,240.80024930132518,239.6596205551963,240.1847969572538,239.64951467249648,True,1.9101479001474218,0.21070445320586523,-0.09196975885778119,0.1228155661801447,0.00024081133633097802,0.055598085530296784,-0.24130979599241312,0.5290876428455739,0.009917116352495635,0.10695307749197171,0.0,0.1286264316918455,0.06892074006728954,0.032537609630377905,239.7716156454365,241.07029605323376,241.17381322497945,239.47276201521433,239.284870374356,240.44604671487497,239.34828565750905,239.23264900781098,5.0,17.8,0.11471309063070415,1.8738321839465617,1.2715683765819015,2.520557586226285,1.2394595385791123,2.1427868280553692,1.4263968247412842,1.6304446761147262,1.1204889004972858
71,circle_xy,False,18.0,0.02,60,10,True,899,0.20890862875199467,28.17454580002959,normal,nan,100.0-100.0-100.0-100.0-100.0-100.0-100.0-100.0,-0.07250034387798686,0.11321254825326173,-0.0006430209179454256,0.05011260235027614,-0.267328405999453,0.4933820263628526,0.00996224908208549,0.10220341970737065,-0.03848918750764983,0.02364444193468801,-0.00214467162103018,0.008046304072444221,240.22943901372275,240.01193729913356,240.94820790476842,240.0330165042516,240.25419876776635,239.14047158404722,239.63980615247328,239.1316028400173,True,1.8359537000651471,0.2055634582975408,-0.08845223949630886,0.12113717548874942,0.00021965858934190526,0.05426001277411474,-0.23903700568322356,0.5228943311696488,0.009525412183619087,0.1048887879374876,0.0,0.12822080720870152,0.06909596346649481,0.03217371981468458,239.3303433711448,240.66446698621158,240.73497008538683,239.18828243658584,238.9002969499117,240.0165410116847,238.9585104177025,238.81674600668242,5.0,18.0,0.11344242096801666,1.8546596007199823,1.249286237814925,2.51999196242552,1.223186457985145,2.145711979520949,1.4294711667310565,1.6103679465012983,1.102486285172008
72,circle_xy,False,18.25,0.02,60,10,True,912,0.2042152642954175,25.968116900061432,normal,nan,100.0-100.0-100.0-100.0-100.0-100.0-100.0-100.0,-0.11001872929355533,0.07077704563888543,0.0006055781928536556,0.04877364058155772,-0.48757265536379446,0.26497464808008203,-0.009634943036066792,0.10011511094753227,-0.03695715680886807,0.022669464151652052,-0.002019252733317013,0.00766344234706139,239.72746752622737,238.6393490842713,239.11431575572834,238.6316546612252,239.70524412752346,239.51158570062483,240.42178393964628,239.5348832178755,True,2.0342581999648246,0.22064678189136186,-0.16401278552635243,0.08444975978260923,0.0013086023952781408,0.05318854781640427,-0.509433736357501,0.17850288469491674,-0.010960318370875485,0.09929779814273261,-0.031519370522618564,0.11476748622866942,0.0726067330736368,0.039206014986494196,239.74884796202485,239.60328016824295,241.69616954628262,239.09650849441584,240.12588148750035,241.91622488447612,242.34035738183826,239.7994479409892,5.0,18.2,0.11820169782623946,1.9412884210475716,1.4203740762807575,2.6888172561063897,1.4880903028544503,2.380985097664468,1.764345671244311,1.7433955849441065,1.326307831607336
73,circle_xy,False,18.5,0.02,60,10,True,924,0.19977739112702816,26.786944599924027,normal,nan,100.0-100.0-100.0-100.0-100.0-100.0-100.0-100.0,-0.10696341872938975,0.06907925473433406,0.0006220345770330712,0.047487191554583086,-0.48190792597502036,0.26190507475868496,-0.00933270144965979,0.09813404024532377,-0.03550932057230263,0.021748362139069666,-0.0019042941647208168,0.007311047292950619,239.2191949806508,238.1554784694026,238.60744025935136,238.14889593535992,239.19935715488634,239.0325558629755,239.91359462683252,239.0535759977084,True,1.846206200090819,0.21606306640837983,-0.1607716422696864,0.0816773718925196,0.0013102280612783013,0.05207279107757327,-0.5038606001700903,0.1763232079962831,-0.010584306066096024,0.09750808954284926,-0.02922563344392999,0.11512640371189525,0.07280972133190812,0.03860798415323515,239.28117483799548,239.10515604163996,241.18623412496177,238.64758525267672,239.6167952303852,241.46285846134083,241.78155736273044,239.32199995909073,5.0,18.5,0.11710960378754592,1.929200939696876,1.4113603586906869,2.694422762912202,1.4727200172197745,2.386861285257505,1.7608189658073237,1.7343780707066838,1.3149549022867533
74,circle_xy,False,18.75,0.02,60,10,True,937,0.19547367908408209,28.19762299986178,normal,nan,100.0-100.0-100.0-100.0-100.0-100.0-100.0-100.0,-0.06739206718537438,0.10403487411350569,-0.0005898158289769263,0.046246922584837105,-0.4763827596259742,0.2597832277232009,-0.009040428407039194,0.09618825937267816,-0.02087739651477665,0.034139828887626046,0.0017945606161326782,0.006972171177693091,238.0989885860065,238.27630846176342,237.52412428409176,238.28182602815113,238.11663015087407,239.21568481044207,238.79595652021328,239.19684876854998,True,1.9077226998851984,0.20808695801701763,-0.08912984760592313,0.12238577006355476,-0.0010100660868847151,0.05007433273921733,-0.5006373606409121,0.17147425141876024,-0.00784127564887746,0.0968103010282956,-0.017092187267826638,0.12010906607328065,0.07765163150286805,0.031452134073586525,236.61745068933502,237.92963193302992,240.01286079786036,238.2700286942493,236.52883538425505,240.88752980266875,240.05680656633183,238.76911245531724,5.0,18.8,0.13341565440736436,1.6858280649151522,1.2410866965663456,2.447095938640421,1.2521835452308152,2.1159871101586862,1.5592146256035053,1.5135136095224537,1.213065659950209
75,circle_xy,False,19.0,0.02,60,10,True,949,0.19139301729667108,29.37375170020823,normal,nan,100.0-100.0-100.0-100.0-100.0-100.0-100.0-100.0,-0.10122610219514147,0.06571166382052071,0.0006037585503859258,0.04505952807180698,-0.47099227005965166,0.256938334249044,-0.008767056958549561,0.09434396874768719,-0.03283991930680945,0.020053302467985392,-0.0016958783257251004,0.0066630770810179,238.2510734677824,237.23302985799637,237.64268214191307,237.228500335433,238.23559225466204,238.1178883751986,238.94470325031864,238.13476815248202,True,2.082138100035081,0.20749847003667168,-0.15461196475125036,0.07735487975347903,0.0012552802994382206,0.04997535194866746,-0.4931231171944886,0.1721319461470257,-0.009880798682259549,0.09420946678136508,-0.024978698525750725,0.11544573099623961,0.07312760143788113,0.03744389868808369,238.38626388805346,238.14348716599073,240.20493255222044,237.7917044422845,238.6413216541633,240.61398418198544,240.72328361221722,238.41100416190588,5.0,19.0,0.1152027646251503,1.9173246105020352,1.414750013704389,2.7196903852325898,1.460652653485611,2.408477486249092,1.7643203839398398,1.729490694215579,1.3074253452637836
76,circle_xy,False,19.25,0.02,60,10,True,962,0.18743082680202822,28.102902499937045,normal,nan,100.0-100.0-100.0-100.0-100.0-100.0-100.0-100.0,-0.06403929033855758,0.0985305963787647,-0.0005710988038668016,0.04391685322179321,-0.25480636184031674,0.465731795858597,0.008500368741145533,0.09252259003873929,-0.031606661097601595,0.019272760144421957,-0.0016018148002838325,0.0063652841886947765,237.7743052580514,237.6789446942266,238.48041822990794,237.69394425692468,237.78778735639764,236.791259985441,237.1814401469903,236.78767502818008,True,2.0436645999507164,0.1846655858902239,-0.07791601368791964,0.11311076058912821,0.00020589691048348327,0.048148935147682106,-0.225152716498597,0.49349695651782444,0.008020031209651753,0.09496274788897918,0.0,0.12638949905018584,0.06968138356501816,0.031069911353532213,237.19682974312548,238.54739921221247,238.52859916421446,237.50143459430703,237.03335125823514,237.94656868992323,236.74533674074962,236.54782504464765,5.0,19.2,0.10863526742754742,1.726828256298595,1.1112421842766504,2.4906949998111614,1.1012121864789064,2.1629793693431725,1.3915907641357395,1.5033173884578637,0.9821064472419908
77,circle_xy,False,19.5,0.02,60,10,True,974,0.18367007371710187,28.448791300004814,normal,nan,100.0-100.0-100.0-100.0-100.0-100.0-100.0-100.0,-0.06237811647153505,0.09594225010885596,-0.0005816112599028728,0.04282181615724996,-0.25200739051043475,0.46059689253350716,0.008251036146960324,0.09079376861036005,-0.03043724812056027,0.018533008905565064,-0.0015166381969667349,0.006092307922500152,237.32840905379305,237.25412995875234,238.03147443511398,237.2673727609782,237.34001267298453,236.36407827806676,236.73582378718157,236.3613829599461,True,2.0257435000603436,0.18122217612981348,-0.07589781267561577,0.11171511723211677,0.00017126409474966064,0.04707232313719275,-0.22237464927219647,0.48795132397722013,0.007786054061012936,0.09320784970372076,0.0,0.12589412712330594,0.06972458804742702,0.030846347618176364,236.76215597046456,238.10482039099531,238.01981283508943,237.06737423363919,236.60118441734247,237.51656994111437,236.25439488655527,236.08351790078314,5.0,19.5,0.10769951762017498,1.703295998165419,1.085135107454864,2.4868244375995086,1.0761754411777704,2.1669761924826356,1.3826918514536544,1.483944268784964,0.9566133526377474
78,circle_xy,False,19.75,0.02,60,10,True,987,0.18001597350808363,26.69965739993495,normal,nan,100.0-100.0-100.0-100.0-100.0-100.0-100.0-100.0,-0.06073385911476884,0.09345546278381309,-0.0005500547881431003,0.0417655514744116,-0.4555832786276117,0.24990620292723248,-0.008007794257139827,0.0890848121129315,-0.017831324888698527,0.02932770145378175,0.0014346026868126754,0.005827591273009434,236.3706103197165,236.46115327848943,235.79433477812114,236.4681353344969,236.38047872714586,237.3951139199375,237.05718351427987,237.3835480084342,True,2.010625200011418,0.19225512934382802,-0.08651411202706483,0.12188762362326737,-0.0009168996083596353,0.04606187597002638,-0.4801483191468399,0.16404502352285116,-0.006904780218421227,0.0904455047847541,-0.012676585107686903,0.11702430904694848,0.07744528449147288,0.029937428229181794,234.78215957414423,235.88556421632146,238.30805899724382,236.4024251398707,234.57643296531228,239.01425599052254,238.24566281261585,236.91264957414575,5.0,19.8,0.12700605340224716,1.7447269677859154,1.3312170632143518,2.534029434691072,1.325694999768249,2.1907643148391855,1.632887890998714,1.5608117998086697,1.2553269400412381
